<?xml version="1.0" encoding="UTF-8"?>
<!DOCTYPE X3D PUBLIC "ISO//Web3D//DTD X3D 3.0//EN" "http://www.web3d.org/specifications/x3d-3.0.dtd">
<X3D version="3.0" profile="Immersive" xmlns:xsd="http://www.w3.org/2001/XMLSchema-instance" xsd:noNamespaceSchemaLocation="http://www.web3d.org/specifications/x3d-3.0.xsd">
	<head>
		<meta name="filename" content="termblock.x3d" />
		<meta name="generator" content="Blender 3.0.1" />
	</head>
	<Scene>
		<NavigationInfo headlight="false"
		                visibilityLimit="0.0"
		                type='"EXAMINE", "ANY"'
		                avatarSize="0.25, 1.75, 0.75"
		                />
		<Background DEF="WO_World"
		            groundColor="0.051 0.051 0.051"
		            skyColor="0.051 0.051 0.051"
		            />
		<Transform DEF="Light_TRANSFORM"
		           translation="-4.076245 5.903862 1.005454"
		           scale="1.000000 1.000000 1.000000"
		           rotation="-0.498084 -0.762016 -0.413815 1.513875"
		           >
			<PointLight DEF="LA_Light"
			            ambientIntensity="0.0000"
			            color="1.0000 1.0000 1.0000"
			            intensity="1.0000"
			            radius="30.0000" 
			            location="-0.0000 -0.0000 0.0000"
			            />
		</Transform>
		<Transform DEF="Camera_TRANSFORM"
		           translation="-7.358891 4.958309 -6.925791"
		           scale="1.000000 1.000000 1.000000"
		           rotation="-0.098233 -0.968789 -0.227591 2.349487"
		           >
			<Viewpoint DEF="CA_Camera"
			           centerOfRotation="0 0 0"
			           position="-0.00 -0.00 0.00"
			           orientation="-0.00 -0.47 -0.88 0.00"
			           fieldOfView="0.691"
			           />
		</Transform>
		<Transform DEF="Unnamed-Solid_TRANSFORM"
		           translation="0.000000 0.000000 0.000000"
		           scale="1.000000 1.000000 1.000000"
		           rotation="0.000000 0.707107 0.707107 3.141593"
		           >
			<Transform DEF="Unnamed-Solid_ifs_TRANSFORM"
			           translation="0.000000 0.000000 0.000000"
			           scale="1.000000 1.000000 1.000000"
			           rotation="0.000000 1.000000 0.000000 0.000000"
			           >
				<Group DEF="group_ME_Unnamed-Solid">
					<Shape>
						<Appearance>
							<Material DEF="MA_Material_002"
							          diffuseColor="0.159 1.000 0.423"
							          specularColor="0.401 0.401 0.401"
							          emissiveColor="0.000 0.000 0.000"
							          ambientIntensity="0.000"
							          shininess="0.500"
							          transparency="0.0"
							          />
						</Appearance>
						<IndexedFaceSet solid="false"
						                coordIndex="0 1 2 -1 3 4 5 -1 6 7 3 -1 6 3 5 -1 8 7 6 -1 9 8 6 -1 10 8 9 -1 11 8 10 -1 12 11 10 -1 13 11 12 -1 14 13 12 -1 15 14 12 -1 16 14 15 -1 17 18 19 -1 3 0 4 -1 20 16 21 -1 22 20 23 -1 24 22 25 -1 26 24 27 -1 28 29 30 -1 19 28 31 -1 25 27 24 -1 23 25 22 -1 21 23 20 -1 15 21 16 -1 2 4 0 -1 31 17 19 -1 30 31 28 -1 27 30 29 -1 27 29 26 -1 32 33 34 -1 35 36 37 -1 38 39 35 -1 38 35 37 -1 40 39 38 -1 41 40 38 -1 42 40 41 -1 43 40 42 -1 44 43 42 -1 45 43 44 -1 46 45 44 -1 47 46 44 -1 48 46 47 -1 49 50 51 -1 35 32 36 -1 52 48 53 -1 54 52 55 -1 56 54 57 -1 58 56 59 -1 60 61 62 -1 51 60 63 -1 57 59 56 -1 55 57 54 -1 53 55 52 -1 47 53 48 -1 34 36 32 -1 63 49 51 -1 62 63 60 -1 59 62 58 -1 58 62 61 -1 64 65 66 -1 67 68 69 -1 70 67 71 -1 70 68 67 -1 72 70 71 -1 73 70 72 -1 74 73 72 -1 75 74 72 -1 76 74 75 -1 77 76 75 -1 78 76 77 -1 79 76 78 -1 80 79 78 -1 81 82 83 -1 69 65 64 -1 84 79 80 -1 85 84 86 -1 87 85 88 -1 89 87 90 -1 64 67 69 -1 80 86 84 -1 86 88 85 -1 88 90 87 -1 90 91 89 -1 92 93 94 -1 93 83 95 -1 94 89 91 -1 94 91 92 -1 95 94 93 -1 82 95 83 -1 96 64 66 -1 96 66 97 -1 96 97 98 -1 99 96 98 -1 99 98 100 -1 101 99 100 -1 102 100 103 -1 102 103 104 -1 102 104 105 -1 102 101 100 -1 106 105 107 -1 106 107 108 -1 106 102 105 -1 109 108 110 -1 109 110 111 -1 109 111 112 -1 109 112 113 -1 109 106 108 -1 114 109 113 -1 115 113 116 -1 115 114 113 -1 117 115 116 -1 118 117 116 -1 118 116 119 -1 118 119 120 -1 118 120 33 -1 118 33 32 -1 121 122 123 -1 124 125 122 -1 126 127 124 -1 128 129 127 -1 130 131 132 -1 133 134 130 -1 135 136 134 -1 137 138 135 -1 139 140 138 -1 139 141 140 -1 142 141 139 -1 143 144 142 -1 145 144 143 -1 145 146 144 -1 147 148 146 -1 147 149 148 -1 150 149 147 -1 151 149 150 -1 151 152 149 -1 153 151 150 -1 154 152 151 -1 155 156 152 -1 155 152 154 -1 157 151 153 -1 157 154 151 -1 157 155 154 -1 158 156 155 -1 159 155 157 -1 159 158 155 -1 159 160 158 -1 161 160 159 -1 161 162 160 -1 163 164 162 -1 163 162 161 -1 165 164 163 -1 166 165 163 -1 167 163 161 -1 167 166 163 -1 168 165 166 -1 168 166 167 -1 169 165 168 -1 170 169 168 -1 171 170 168 -1 171 168 167 -1 172 173 169 -1 172 169 170 -1 174 173 172 -1 175 81 83 -1 175 176 81 -1 175 177 176 -1 178 179 177 -1 178 177 175 -1 180 179 178 -1 181 182 179 -1 181 179 180 -1 183 184 174 -1 185 186 187 -1 185 188 186 -1 189 188 185 -1 189 190 188 -1 189 191 190 -1 189 192 191 -1 193 192 189 -1 194 192 193 -1 194 195 192 -1 196 195 194 -1 196 51 50 -1 196 197 195 -1 196 198 197 -1 196 50 198 -1 199 99 101 -1 199 96 99 -1 199 101 102 -1 199 102 106 -1 199 64 96 -1 199 106 123 -1 200 199 123 -1 200 64 199 -1 201 67 64 -1 201 64 200 -1 202 122 125 -1 202 123 122 -1 202 200 123 -1 202 125 201 -1 202 201 200 -1 203 114 115 -1 203 109 114 -1 203 115 117 -1 203 117 118 -1 203 118 32 -1 204 67 201 -1 204 201 125 -1 205 203 32 -1 206 123 205 -1 206 121 123 -1 207 204 125 -1 207 125 124 -1 208 204 207 -1 208 207 124 -1 208 67 204 -1 209 71 67 -1 209 67 208 -1 210 205 32 -1 210 206 205 -1 210 121 206 -1 211 127 129 -1 211 124 127 -1 211 208 124 -1 211 129 209 -1 211 209 208 -1 212 71 209 -1 212 209 129 -1 213 124 122 -1 213 122 121 -1 214 32 35 -1 214 210 32 -1 214 121 210 -1 214 213 121 -1 215 124 213 -1 215 214 35 -1 215 213 214 -1 216 126 124 -1 216 124 215 -1 217 72 71 -1 217 71 212 -1 218 215 35 -1 218 126 216 -1 218 216 215 -1 219 217 131 -1 219 72 217 -1 220 218 35 -1 220 126 218 -1 220 35 39 -1 221 75 72 -1 221 72 219 -1 222 220 39 -1 223 75 221 -1 223 221 136 -1 224 222 39 -1 224 225 222 -1 224 39 40 -1 226 77 75 -1 226 75 223 -1 227 224 40 -1 228 226 140 -1 228 140 141 -1 228 77 226 -1 229 228 141 -1 229 77 228 -1 230 133 227 -1 230 227 40 -1 230 40 43 -1 231 78 77 -1 231 77 229 -1 231 229 141 -1 232 230 43 -1 233 80 78 -1 233 78 231 -1 234 138 137 -1 234 139 138 -1 235 234 137 -1 235 43 45 -1 235 232 43 -1 235 137 232 -1 236 139 234 -1 236 234 235 -1 236 235 45 -1 237 139 236 -1 237 143 142 -1 237 142 139 -1 238 80 233 -1 238 233 148 -1 239 80 238 -1 239 148 149 -1 239 238 148 -1 240 143 237 -1 240 45 46 -1 240 237 236 -1 240 236 45 -1 241 86 80 -1 241 80 239 -1 241 149 152 -1 241 239 149 -1 242 143 240 -1 242 240 46 -1 243 145 143 -1 243 143 242 -1 243 242 46 -1 244 86 241 -1 244 241 152 -1 245 145 243 -1 245 46 48 -1 245 243 46 -1 246 88 86 -1 246 152 156 -1 246 86 244 -1 246 244 152 -1 247 88 246 -1 247 246 156 -1 248 48 52 -1 248 245 48 -1 249 90 88 -1 249 88 247 -1 249 247 156 -1 250 248 52 -1 250 153 248 -1 251 153 250 -1 251 52 54 -1 251 157 153 -1 251 250 52 -1 252 91 90 -1 252 90 249 -1 253 251 54 -1 253 157 251 -1 254 252 164 -1 254 91 252 -1 255 253 54 -1 255 157 253 -1 255 54 56 -1 255 159 157 -1 256 254 164 -1 256 91 254 -1 256 92 91 -1 256 164 165 -1 257 255 56 -1 257 159 255 -1 258 92 256 -1 258 256 165 -1 259 257 56 -1 259 159 257 -1 259 161 159 -1 260 165 169 -1 260 93 92 -1 260 92 258 -1 260 258 165 -1 261 259 56 -1 261 161 259 -1 261 56 58 -1 261 167 161 -1 262 93 260 -1 262 260 169 -1 263 261 58 -1 263 167 261 -1 264 262 169 -1 264 93 262 -1 264 169 173 -1 265 171 167 -1 265 263 58 -1 265 167 263 -1 265 58 61 -1 266 83 93 -1 266 93 264 -1 266 264 173 -1 267 171 265 -1 267 265 61 -1 268 173 174 -1 268 174 184 -1 268 266 173 -1 269 172 170 -1 269 170 171 -1 270 268 184 -1 270 266 268 -1 270 83 266 -1 271 269 171 -1 271 61 60 -1 271 171 267 -1 271 267 61 -1 272 172 269 -1 272 269 271 -1 272 271 60 -1 273 178 175 -1 273 181 180 -1 273 180 178 -1 273 83 270 -1 273 175 83 -1 274 174 172 -1 274 183 174 -1 274 172 272 -1 275 270 184 -1 275 273 270 -1 275 184 185 -1 276 60 51 -1 276 272 60 -1 276 274 272 -1 276 183 274 -1 277 182 181 -1 277 278 182 -1 277 279 278 -1 277 187 279 -1 277 181 273 -1 277 185 187 -1 277 275 185 -1 277 273 275 -1 280 51 196 -1 280 183 276 -1 280 276 51 -1 281 205 123 -1 281 203 205 -1 281 109 203 -1 281 106 109 -1 281 123 106 -1 282 212 129 -1 282 129 128 -1 283 217 212 -1 283 212 282 -1 284 282 128 -1 284 217 283 -1 284 283 282 -1 285 126 220 -1 285 127 126 -1 286 128 127 -1 286 127 285 -1 287 131 217 -1 287 128 132 -1 287 284 128 -1 287 132 131 -1 287 217 284 -1 288 286 285 -1 288 128 286 -1 288 285 220 -1 289 288 220 -1 289 220 222 -1 290 128 288 -1 290 289 222 -1 290 288 289 -1 291 132 128 -1 291 128 290 -1 291 290 222 -1 291 222 225 -1 291 225 132 -1 292 221 219 -1 292 131 130 -1 292 219 131 -1 293 221 292 -1 293 136 221 -1 293 130 134 -1 293 292 130 -1 293 134 136 -1 294 133 130 -1 294 225 224 -1 294 227 133 -1 294 224 227 -1 294 130 132 -1 294 132 225 -1 295 136 135 -1 295 226 223 -1 295 223 136 -1 296 138 140 -1 296 140 226 -1 296 135 138 -1 296 295 135 -1 296 226 295 -1 297 135 134 -1 297 133 230 -1 297 137 135 -1 297 230 232 -1 297 232 137 -1 297 134 133 -1 298 142 144 -1 298 141 142 -1 298 231 141 -1 299 231 298 -1 299 233 231 -1 300 299 298 -1 300 233 299 -1 300 298 144 -1 301 300 144 -1 301 144 146 -1 301 146 148 -1 301 233 300 -1 301 148 233 -1 302 146 145 -1 302 147 146 -1 302 145 245 -1 303 302 245 -1 303 245 248 -1 304 302 303 -1 304 147 302 -1 304 303 248 -1 305 150 147 -1 305 147 304 -1 305 153 150 -1 305 304 248 -1 305 248 153 -1 306 156 158 -1 306 158 160 -1 306 249 156 -1 307 252 249 -1 307 249 306 -1 308 306 160 -1 308 307 306 -1 308 252 307 -1 309 164 252 -1 309 252 308 -1 309 308 160 -1 309 160 162 -1 309 162 164 -1 310 184 183 -1 310 183 280 -1 311 310 280 -1 311 194 193 -1 311 189 185 -1 311 193 189 -1 311 196 194 -1 311 184 310 -1 311 185 184 -1 311 280 196 -1 312 313 314 -1 315 316 317 -1 318 315 319 -1 318 316 315 -1 320 318 319 -1 321 318 320 -1 322 321 320 -1 323 322 320 -1 324 322 323 -1 325 324 323 -1 326 324 325 -1 327 324 326 -1 328 327 326 -1 329 330 331 -1 317 313 312 -1 332 327 328 -1 333 332 334 -1 335 333 336 -1 337 335 338 -1 312 315 317 -1 328 334 332 -1 334 336 333 -1 336 338 335 -1 338 339 337 -1 340 341 342 -1 341 331 343 -1 342 337 339 -1 342 339 340 -1 343 342 341 -1 330 343 331 -1 344 312 314 -1 344 314 345 -1 344 345 346 -1 347 344 346 -1 347 346 348 -1 349 347 348 -1 350 348 351 -1 350 351 352 -1 350 352 353 -1 350 349 348 -1 354 353 355 -1 354 355 356 -1 354 350 353 -1 357 356 358 -1 357 358 359 -1 357 359 360 -1 357 360 361 -1 357 354 356 -1 362 357 361 -1 363 361 364 -1 363 362 361 -1 365 363 364 -1 366 365 364 -1 366 364 367 -1 366 367 368 -1 366 368 1 -1 366 1 0 -1 369 370 371 -1 372 373 370 -1 374 375 372 -1 376 377 375 -1 378 379 380 -1 381 382 378 -1 383 384 382 -1 385 386 383 -1 387 388 386 -1 389 390 387 -1 391 392 390 -1 391 390 389 -1 393 392 391 -1 394 393 391 -1 395 394 391 -1 395 391 389 -1 396 393 394 -1 396 394 395 -1 397 393 396 -1 398 397 396 -1 399 396 395 -1 399 398 396 -1 400 397 398 -1 400 398 399 -1 401 397 400 -1 402 401 400 -1 403 402 400 -1 403 400 399 -1 404 401 402 -1 404 405 401 -1 406 405 404 -1 407 408 406 -1 409 408 407 -1 409 410 408 -1 411 412 410 -1 411 413 412 -1 414 413 411 -1 415 416 414 -1 417 418 416 -1 417 416 415 -1 419 420 418 -1 421 422 419 -1 423 329 331 -1 423 424 329 -1 423 425 424 -1 426 425 423 -1 426 427 425 -1 428 427 426 -1 429 430 427 -1 429 427 428 -1 431 432 422 -1 433 434 435 -1 433 436 434 -1 437 436 433 -1 437 438 436 -1 437 439 438 -1 437 440 439 -1 441 440 437 -1 442 440 441 -1 442 443 440 -1 444 443 442 -1 444 19 18 -1 444 445 443 -1 444 446 445 -1 444 18 446 -1 447 347 349 -1 447 344 347 -1 447 349 350 -1 447 350 354 -1 447 312 344 -1 447 354 371 -1 448 447 371 -1 448 312 447 -1 449 315 312 -1 449 312 448 -1 450 448 371 -1 450 449 448 -1 450 373 449 -1 450 371 370 -1 450 370 373 -1 451 362 363 -1 451 357 362 -1 451 363 365 -1 451 365 366 -1 451 366 0 -1 452 315 449 -1 452 449 373 -1 453 451 0 -1 454 371 453 -1 454 369 371 -1 455 452 373 -1 455 373 372 -1 456 455 372 -1 456 452 455 -1 456 315 452 -1 457 319 315 -1 457 315 456 -1 458 453 0 -1 458 454 453 -1 458 369 454 -1 459 372 375 -1 459 375 377 -1 459 456 372 -1 459 377 457 -1 459 457 456 -1 460 319 457 -1 460 457 377 -1 461 372 370 -1 461 370 369 -1 462 0 3 -1 462 458 0 -1 462 369 458 -1 462 461 369 -1 463 462 3 -1 463 372 461 -1 463 461 462 -1 464 374 372 -1 464 372 463 -1 465 320 319 -1 465 319 460 -1 466 374 464 -1 466 464 463 -1 466 463 3 -1 467 465 379 -1 467 320 465 -1 468 466 3 -1 468 3 7 -1 468 374 466 -1 469 323 320 -1 469 320 467 -1 470 468 7 -1 471 323 469 -1 471 469 384 -1 472 470 7 -1 472 473 470 -1 472 7 8 -1 474 325 323 -1 474 323 471 -1 475 472 8 -1 476 325 474 -1 476 474 388 -1 477 326 325 -1 477 325 476 -1 478 381 475 -1 478 475 8 -1 478 8 11 -1 479 477 392 -1 479 326 477 -1 480 478 11 -1 481 328 326 -1 481 392 393 -1 481 479 392 -1 481 326 479 -1 482 11 13 -1 482 385 480 -1 482 480 11 -1 483 328 481 -1 483 481 393 -1 484 482 13 -1 485 334 328 -1 485 483 393 -1 485 393 397 -1 485 328 483 -1 486 389 484 -1 486 395 389 -1 486 13 14 -1 486 484 13 -1 487 334 485 -1 487 485 397 -1 488 486 14 -1 488 395 486 -1 489 336 334 -1 489 397 401 -1 489 334 487 -1 489 487 397 -1 490 399 395 -1 490 14 16 -1 490 395 488 -1 490 488 14 -1 491 336 489 -1 491 489 401 -1 492 490 16 -1 492 399 490 -1 493 336 491 -1 493 401 405 -1 493 491 401 -1 494 16 20 -1 494 403 399 -1 494 492 16 -1 494 399 492 -1 495 338 336 -1 495 336 493 -1 495 493 405 -1 496 494 20 -1 496 403 494 -1 497 339 338 -1 497 338 495 -1 498 20 22 -1 498 403 496 -1 498 496 20 -1 499 339 497 -1 499 497 412 -1 500 339 499 -1 500 499 412 -1 500 412 413 -1 501 498 22 -1 501 22 24 -1 502 500 413 -1 502 340 339 -1 502 339 500 -1 503 501 24 -1 503 407 501 -1 504 503 24 -1 504 407 503 -1 504 409 407 -1 505 340 502 -1 505 341 340 -1 506 504 24 -1 506 409 504 -1 506 24 26 -1 507 341 505 -1 507 505 420 -1 508 506 26 -1 508 26 29 -1 509 331 341 -1 509 341 507 -1 510 508 29 -1 510 415 508 -1 511 509 432 -1 511 426 423 -1 511 331 509 -1 511 428 426 -1 511 423 331 -1 512 417 415 -1 512 415 510 -1 512 510 29 -1 513 417 512 -1 513 512 29 -1 513 29 28 -1 514 513 28 -1 515 432 431 -1 515 428 511 -1 515 511 432 -1 515 429 428 -1 515 431 433 -1 516 515 433 -1 516 430 429 -1 516 429 515 -1 516 433 435 -1 516 517 430 -1 516 518 517 -1 516 435 518 -1 519 431 422 -1 519 422 421 -1 520 421 514 -1 520 519 421 -1 520 28 19 -1 520 514 28 -1 521 431 519 -1 521 519 520 -1 521 520 19 -1 522 431 521 -1 522 521 19 -1 522 444 442 -1 522 442 441 -1 522 19 444 -1 522 433 431 -1 522 437 433 -1 522 441 437 -1 523 451 453 -1 523 453 371 -1 523 357 451 -1 523 354 357 -1 523 371 354 -1 524 377 376 -1 524 460 377 -1 525 465 460 -1 525 460 524 -1 526 524 376 -1 526 525 524 -1 526 465 525 -1 527 375 374 -1 527 374 468 -1 528 375 527 -1 528 376 375 -1 529 379 465 -1 529 380 379 -1 529 376 380 -1 529 465 526 -1 529 526 376 -1 530 527 468 -1 530 528 527 -1 530 376 528 -1 531 468 470 -1 531 530 468 -1 532 531 470 -1 532 376 530 -1 532 530 531 -1 533 473 380 -1 533 470 473 -1 533 380 376 -1 533 532 470 -1 533 376 532 -1 534 469 467 -1 534 467 379 -1 534 379 378 -1 535 534 378 -1 535 384 469 -1 535 469 534 -1 535 378 382 -1 535 382 384 -1 536 381 378 -1 536 475 381 -1 536 380 473 -1 536 473 472 -1 536 472 475 -1 536 378 380 -1 537 384 383 -1 537 474 471 -1 537 471 384 -1 538 386 388 -1 538 383 386 -1 538 474 537 -1 538 537 383 -1 538 388 474 -1 539 382 381 -1 539 385 383 -1 539 383 382 -1 539 381 478 -1 539 480 385 -1 539 478 480 -1 540 388 387 -1 540 476 388 -1 540 477 476 -1 541 387 390 -1 541 390 392 -1 541 477 540 -1 541 392 477 -1 541 540 387 -1 542 386 385 -1 542 387 386 -1 542 385 482 -1 542 389 387 -1 542 484 389 -1 542 482 484 -1 543 403 498 -1 543 402 403 -1 543 404 402 -1 544 405 406 -1 544 406 408 -1 544 495 405 -1 545 495 544 -1 545 497 495 -1 546 498 501 -1 546 543 498 -1 547 404 543 -1 547 543 546 -1 547 546 501 -1 548 545 544 -1 548 497 545 -1 548 544 408 -1 548 408 410 -1 549 501 407 -1 549 547 501 -1 549 404 547 -1 549 406 404 -1 549 407 406 -1 550 548 410 -1 550 497 548 -1 550 410 412 -1 550 412 497 -1 551 409 506 -1 551 410 409 -1 551 411 410 -1 552 502 413 -1 552 413 414 -1 552 414 416 -1 553 505 502 -1 553 502 552 -1 554 551 506 -1 554 506 508 -1 555 551 554 -1 555 411 551 -1 555 554 508 -1 556 505 553 -1 556 552 416 -1 556 553 552 -1 556 416 418 -1 557 508 415 -1 557 555 508 -1 557 411 555 -1 557 414 411 -1 557 415 414 -1 558 420 505 -1 558 505 556 -1 558 556 418 -1 558 418 420 -1 559 420 419 -1 559 509 507 -1 559 507 420 -1 560 419 422 -1 560 559 419 -1 561 432 509 -1 561 422 432 -1 561 509 559 -1 561 560 422 -1 561 559 560 -1 562 419 418 -1 562 514 421 -1 562 418 417 -1 562 417 513 -1 562 421 419 -1 562 513 514 -1 27 25 563 -1 563 25 564 -1 564 23 565 -1 25 23 564 -1 565 21 566 -1 23 21 565 -1 566 15 567 -1 21 15 566 -1 567 12 568 -1 15 12 567 -1 568 10 569 -1 12 10 568 -1 569 9 570 -1 10 9 569 -1 570 6 571 -1 9 6 570 -1 571 5 572 -1 6 5 571 -1 572 4 573 -1 5 4 572 -1 573 2 574 -1 4 2 573 -1 574 575 576 -1 2 575 574 -1 576 577 578 -1 575 577 576 -1 577 579 578 -1 580 581 582 -1 583 582 584 -1 583 580 582 -1 585 584 586 -1 585 583 584 -1 587 586 588 -1 587 585 586 -1 589 588 590 -1 589 587 588 -1 591 590 592 -1 591 589 590 -1 593 592 594 -1 593 591 592 -1 595 594 596 -1 595 593 594 -1 597 595 596 -1 598 596 599 -1 598 597 596 -1 600 599 601 -1 600 598 599 -1 602 597 598 -1 603 600 601 -1 604 601 605 -1 604 603 601 -1 606 605 607 -1 606 608 604 -1 606 604 605 -1 609 607 610 -1 609 606 607 -1 611 609 610 -1 612 613 614 -1 618 613 612 -1 628 629 580 -1 628 612 629 -1 628 580 630 -1 628 618 612 -1 643 644 329 -1 643 329 424 -1 643 424 425 -1 645 425 427 -1 645 643 425 -1 646 645 427 -1 647 427 430 -1 647 430 517 -1 647 646 427 -1 647 517 518 -1 648 518 435 -1 648 435 434 -1 648 647 518 -1 649 648 434 -1 649 434 436 -1 649 436 438 -1 649 438 439 -1 649 439 440 -1 650 649 440 -1 651 440 443 -1 651 650 440 -1 652 651 443 -1 653 443 445 -1 653 445 446 -1 653 446 18 -1 653 18 654 -1 653 652 443 -1 655 656 657 -1 658 659 656 -1 660 661 658 -1 662 663 661 -1 664 665 666 -1 667 668 664 -1 669 670 668 -1 671 672 669 -1 673 674 672 -1 675 676 673 -1 677 678 676 -1 677 676 675 -1 679 678 677 -1 680 679 677 -1 681 680 677 -1 681 677 675 -1 682 679 680 -1 682 680 681 -1 683 679 682 -1 684 683 682 -1 685 682 681 -1 685 684 682 -1 686 687 683 -1 686 683 684 -1 688 687 686 -1 689 690 688 -1 691 690 689 -1 691 692 690 -1 693 694 692 -1 693 692 691 -1 695 694 693 -1 696 695 693 -1 697 693 691 -1 697 696 693 -1 698 695 696 -1 698 696 697 -1 699 695 698 -1 700 699 698 -1 701 698 697 -1 701 700 698 -1 702 699 700 -1 702 700 701 -1 703 699 702 -1 704 703 702 -1 705 704 702 -1 705 702 701 -1 706 703 704 -1 707 708 706 -1 709 345 314 -1 709 346 345 -1 709 314 710 -1 711 348 346 -1 711 346 709 -1 712 348 711 -1 713 351 348 -1 713 348 712 -1 714 715 708 -1 716 356 355 -1 716 358 356 -1 717 359 358 -1 717 360 359 -1 717 361 360 -1 717 358 716 -1 718 361 717 -1 719 364 361 -1 719 361 718 -1 720 367 364 -1 720 368 367 -1 720 1 368 -1 720 364 719 -1 720 721 1 -1 722 643 645 -1 722 647 648 -1 722 644 643 -1 722 645 646 -1 722 646 647 -1 722 648 657 -1 723 644 722 -1 723 722 657 -1 724 725 644 -1 724 644 723 -1 726 657 656 -1 726 724 723 -1 726 659 724 -1 726 723 657 -1 726 656 659 -1 727 651 652 -1 727 652 653 -1 727 653 654 -1 727 649 650 -1 727 650 651 -1 728 725 724 -1 728 724 659 -1 729 727 654 -1 730 655 657 -1 730 657 729 -1 731 728 659 -1 731 659 658 -1 732 728 731 -1 732 731 658 -1 732 725 728 -1 733 734 725 -1 733 725 732 -1 735 655 730 -1 735 730 729 -1 735 729 654 -1 736 661 663 -1 736 732 658 -1 736 663 733 -1 736 733 732 -1 736 658 661 -1 737 734 733 -1 737 733 663 -1 738 658 656 -1 738 656 655 -1 739 738 655 -1 739 655 735 -1 739 654 740 -1 739 735 654 -1 741 738 739 -1 741 658 738 -1 741 739 740 -1 742 660 658 -1 742 658 741 -1 743 734 737 -1 743 744 734 -1 745 660 742 -1 745 742 741 -1 745 741 740 -1 746 744 743 -1 746 743 665 -1 747 660 745 -1 747 745 740 -1 747 740 748 -1 749 750 744 -1 749 744 746 -1 751 747 748 -1 752 750 749 -1 752 749 670 -1 753 751 748 -1 753 754 751 -1 753 748 755 -1 756 757 750 -1 756 750 752 -1 758 753 755 -1 759 757 756 -1 759 756 674 -1 760 761 757 -1 760 757 759 -1 762 667 758 -1 762 758 755 -1 762 755 763 -1 764 760 678 -1 764 761 760 -1 765 762 763 -1 766 767 761 -1 766 678 679 -1 766 764 678 -1 766 761 764 -1 768 671 765 -1 768 765 763 -1 768 763 769 -1 770 767 766 -1 770 766 679 -1 771 768 769 -1 772 767 770 -1 772 773 767 -1 772 679 683 -1 772 770 679 -1 774 681 675 -1 774 769 775 -1 774 771 769 -1 774 675 771 -1 776 773 772 -1 776 772 683 -1 777 681 774 -1 777 774 775 -1 778 776 683 -1 778 683 687 -1 778 773 776 -1 779 685 681 -1 779 775 780 -1 779 681 777 -1 779 777 775 -1 781 782 773 -1 781 773 778 -1 781 778 687 -1 783 685 779 -1 783 779 780 -1 784 785 782 -1 784 782 781 -1 786 685 783 -1 786 780 787 -1 786 783 780 -1 788 785 784 -1 788 784 694 -1 789 787 790 -1 789 786 787 -1 791 792 785 -1 791 694 695 -1 791 788 694 -1 791 785 788 -1 793 689 789 -1 793 789 790 -1 794 792 791 -1 794 791 695 -1 795 689 793 -1 795 793 790 -1 795 691 689 -1 796 792 794 -1 796 797 792 -1 796 794 695 -1 796 695 699 -1 798 795 790 -1 798 691 795 -1 798 790 799 -1 798 697 691 -1 800 797 796 -1 800 796 699 -1 801 798 799 -1 801 697 798 -1 802 699 703 -1 802 797 800 -1 802 803 797 -1 802 800 699 -1 804 801 799 -1 804 697 801 -1 804 799 805 -1 804 701 697 -1 806 803 802 -1 806 802 703 -1 807 804 805 -1 807 701 804 -1 808 803 806 -1 808 710 803 -1 809 705 701 -1 809 807 805 -1 809 701 807 -1 809 805 810 -1 811 808 715 -1 811 709 710 -1 811 711 709 -1 811 712 711 -1 811 710 808 -1 812 705 809 -1 812 809 810 -1 813 705 812 -1 813 812 810 -1 813 810 814 -1 815 813 814 -1 816 811 715 -1 816 713 712 -1 816 714 716 -1 816 712 811 -1 816 715 714 -1 817 352 351 -1 817 353 352 -1 817 355 353 -1 817 716 355 -1 817 713 816 -1 817 816 716 -1 817 351 713 -1 818 708 707 -1 818 714 708 -1 819 818 707 -1 819 815 814 -1 819 707 815 -1 819 814 721 -1 820 714 818 -1 820 818 819 -1 820 819 721 -1 821 716 714 -1 821 718 717 -1 821 719 718 -1 821 720 719 -1 821 721 720 -1 821 714 820 -1 821 820 721 -1 821 717 716 -1 822 648 649 -1 822 649 727 -1 822 729 657 -1 822 727 729 -1 822 657 648 -1 823 663 662 -1 823 737 663 -1 824 743 737 -1 824 737 823 -1 825 824 823 -1 825 743 824 -1 825 823 662 -1 826 661 660 -1 826 660 747 -1 827 662 661 -1 827 661 826 -1 828 665 743 -1 828 825 662 -1 828 662 666 -1 828 666 665 -1 828 743 825 -1 829 826 747 -1 829 827 826 -1 829 662 827 -1 830 747 751 -1 830 829 747 -1 831 830 751 -1 831 662 829 -1 831 829 830 -1 832 754 666 -1 832 751 754 -1 832 666 662 -1 832 662 831 -1 832 831 751 -1 833 746 665 -1 833 749 746 -1 833 665 664 -1 834 833 664 -1 834 670 749 -1 834 664 668 -1 834 749 833 -1 834 668 670 -1 835 667 664 -1 835 758 667 -1 835 666 754 -1 835 754 753 -1 835 753 758 -1 835 664 666 -1 836 670 669 -1 836 756 752 -1 836 669 672 -1 836 752 670 -1 837 672 674 -1 837 756 836 -1 837 674 756 -1 837 836 672 -1 838 668 667 -1 838 671 669 -1 838 669 668 -1 838 765 671 -1 838 762 765 -1 838 667 762 -1 839 674 673 -1 839 759 674 -1 839 760 759 -1 840 678 760 -1 840 839 673 -1 840 760 839 -1 840 676 678 -1 840 673 676 -1 841 671 768 -1 841 672 671 -1 841 768 771 -1 841 673 672 -1 841 675 673 -1 841 771 675 -1 842 686 684 -1 842 684 685 -1 842 685 786 -1 843 687 688 -1 843 781 687 -1 843 688 690 -1 844 781 843 -1 844 784 781 -1 845 842 786 -1 845 786 789 -1 846 842 845 -1 846 845 789 -1 846 686 842 -1 847 844 843 -1 847 784 844 -1 847 843 690 -1 847 690 692 -1 848 846 789 -1 848 686 846 -1 848 689 688 -1 848 688 686 -1 848 789 689 -1 849 784 847 -1 849 847 692 -1 849 692 694 -1 849 694 784 -1 850 703 706 -1 850 808 806 -1 850 806 703 -1 851 850 706 -1 851 706 708 -1 852 715 808 -1 852 708 715 -1 852 808 850 -1 852 851 708 -1 852 850 851 -1 853 704 705 -1 853 705 813 -1 853 813 815 -1 853 706 704 -1 853 815 707 -1 853 707 706 -1 644 330 329 -1 725 854 855 -1 856 725 734 -1 856 854 725 -1 744 856 734 -1 857 856 744 -1 858 857 744 -1 750 858 744 -1 859 858 750 -1 757 859 750 -1 761 859 757 -1 860 859 761 -1 767 860 761 -1 314 313 710 -1 861 862 792 -1 861 792 797 -1 863 861 803 -1 313 863 710 -1 855 330 644 -1 864 860 767 -1 865 864 773 -1 866 865 782 -1 862 866 785 -1 644 725 855 -1 767 773 864 -1 773 782 865 -1 782 785 866 -1 785 792 862 -1 797 803 861 -1 803 710 863 -1 867 868 869 -1 870 871 872 -1 873 871 870 -1 874 871 873 -1 875 876 877 -1 875 878 876 -1 879 875 877 -1 879 880 878 -1 879 878 875 -1 881 880 879 -1 881 882 880 -1 881 879 877 -1 883 884 882 -1 883 882 881 -1 885 886 884 -1 885 884 883 -1 887 888 889 -1 887 890 886 -1 887 889 890 -1 887 886 885 -1 891 877 892 -1 893 877 891 -1 893 891 892 -1 893 881 877 -1 894 883 881 -1 894 881 893 -1 894 893 892 -1 895 883 894 -1 895 885 883 -1 896 897 888 -1 896 887 885 -1 896 885 895 -1 896 888 887 -1 898 892 899 -1 900 892 898 -1 900 898 899 -1 901 900 899 -1 901 892 900 -1 901 894 892 -1 902 895 894 -1 902 901 899 -1 902 894 901 -1 903 895 902 -1 903 904 897 -1 903 896 895 -1 903 897 896 -1 905 899 906 -1 907 899 905 -1 908 905 906 -1 909 899 907 -1 909 902 899 -1 910 905 908 -1 911 912 904 -1 911 902 909 -1 911 904 903 -1 911 903 902 -1 913 905 910 -1 914 909 907 -1 914 905 913 -1 914 907 905 -1 915 909 914 -1 916 917 912 -1 916 912 911 -1 916 911 909 -1 916 909 915 -1 918 906 919 -1 918 910 908 -1 918 908 906 -1 920 910 918 -1 921 913 910 -1 921 910 920 -1 922 914 913 -1 922 913 921 -1 923 915 914 -1 923 914 922 -1 924 918 919 -1 925 917 916 -1 925 916 915 -1 925 915 923 -1 926 918 924 -1 926 920 918 -1 926 921 920 -1 927 921 926 -1 928 922 921 -1 928 923 922 -1 928 921 927 -1 929 923 928 -1 930 931 917 -1 930 917 925 -1 930 925 923 -1 930 923 929 -1 932 919 933 -1 932 924 919 -1 932 926 924 -1 934 926 932 -1 935 927 926 -1 935 926 934 -1 936 928 927 -1 936 927 935 -1 937 928 936 -1 937 929 928 -1 938 929 937 -1 938 931 930 -1 938 930 929 -1 939 932 933 -1 940 932 939 -1 940 934 932 -1 941 935 934 -1 941 934 940 -1 942 936 935 -1 942 935 941 -1 943 936 942 -1 943 937 936 -1 944 938 937 -1 944 931 938 -1 944 945 931 -1 944 937 943 -1 946 933 947 -1 946 939 933 -1 948 939 946 -1 948 940 939 -1 949 941 940 -1 949 940 948 -1 950 942 941 -1 950 941 949 -1 951 943 942 -1 951 942 950 -1 952 944 943 -1 952 945 944 -1 952 943 951 -1 953 946 947 -1 953 948 946 -1 954 948 953 -1 955 949 948 -1 955 948 954 -1 956 950 949 -1 956 949 955 -1 957 951 950 -1 957 950 956 -1 958 945 952 -1 958 959 945 -1 958 952 951 -1 958 951 957 -1 960 947 961 -1 960 953 947 -1 962 954 953 -1 962 953 960 -1 963 955 954 -1 963 954 962 -1 964 956 955 -1 964 955 963 -1 965 957 956 -1 965 956 964 -1 966 959 958 -1 966 958 957 -1 966 957 965 -1 967 960 961 -1 968 962 960 -1 968 960 967 -1 969 963 962 -1 969 964 963 -1 969 962 968 -1 970 964 969 -1 971 965 964 -1 971 964 970 -1 972 961 973 -1 972 967 961 -1 974 975 959 -1 974 959 966 -1 974 966 965 -1 974 965 971 -1 976 967 972 -1 976 968 967 -1 976 969 968 -1 977 969 976 -1 977 970 969 -1 978 970 977 -1 979 970 978 -1 979 971 970 -1 979 974 971 -1 980 974 979 -1 980 975 974 -1 981 972 973 -1 982 972 981 -1 982 976 972 -1 983 976 982 -1 983 977 976 -1 984 978 977 -1 984 977 983 -1 985 973 986 -1 985 981 973 -1 987 979 978 -1 987 980 979 -1 987 978 984 -1 988 983 982 -1 988 981 985 -1 988 982 981 -1 989 975 980 -1 989 980 987 -1 989 990 975 -1 991 983 988 -1 992 984 983 -1 992 983 991 -1 993 987 984 -1 993 984 992 -1 994 987 993 -1 994 989 987 -1 994 990 989 -1 995 985 986 -1 996 988 985 -1 996 985 995 -1 996 991 988 -1 997 991 996 -1 997 996 998 -1 999 992 991 -1 999 997 998 -1 999 991 997 -1 1000 993 992 -1 1000 994 993 -1 1000 992 999 -1 1000 999 998 -1 1001 990 994 -1 1001 998 990 -1 1001 994 1000 -1 1001 1000 998 -1 1002 986 1003 -1 1002 995 986 -1 1004 996 995 -1 1004 995 1002 -1 1004 998 996 -1 1005 998 1004 -1 1006 998 1005 -1 1006 1005 1007 -1 1008 1006 1007 -1 1008 998 1006 -1 1009 1007 998 -1 1009 1008 1007 -1 1009 998 1008 -1 1010 1003 868 -1 1010 1002 1003 -1 1010 868 867 -1 1010 867 1011 -1 1012 1010 1011 -1 1012 1002 1010 -1 1012 1004 1002 -1 1013 1011 1014 -1 1013 1005 1004 -1 1013 1007 1005 -1 1013 1012 1011 -1 1013 1004 1012 -1 1015 1014 872 -1 1015 872 871 -1 1015 1007 1013 -1 1015 1013 1014 -1 1016 1015 871 -1 1016 1007 1015 -1 1017 1016 871 -1 1017 1007 1016 -1 1017 871 1007 -1 337 876 335 -1 335 1018 333 -1 876 1018 335 -1 333 1019 332 -1 1018 1019 333 -1 332 1020 327 -1 1019 1020 332 -1 327 1021 324 -1 1020 1021 327 -1 324 1022 322 -1 1021 1022 324 -1 322 1023 321 -1 1022 1023 322 -1 321 1024 318 -1 1023 1024 321 -1 318 1025 316 -1 1024 1025 318 -1 316 1026 317 -1 1025 1026 316 -1 317 1027 313 -1 1026 1027 317 -1 313 1028 863 -1 1027 1028 313 -1 863 1029 861 -1 1028 1029 863 -1 861 869 862 -1 1029 869 861 -1 59 57 1030 -1 1030 57 1031 -1 1031 55 1032 -1 57 55 1031 -1 1032 53 1033 -1 55 53 1032 -1 1033 47 1034 -1 53 47 1033 -1 1034 44 1035 -1 47 44 1034 -1 1035 42 1036 -1 44 42 1035 -1 1036 41 1037 -1 42 41 1036 -1 1037 38 1038 -1 41 38 1037 -1 1038 37 1039 -1 38 37 1038 -1 1039 36 1040 -1 37 36 1039 -1 1040 34 1041 -1 36 34 1040 -1 1041 1042 1043 -1 34 1042 1041 -1 1043 1044 1045 -1 1042 1044 1043 -1 1044 1046 1045 -1 1047 1048 1049 -1 1050 1049 1051 -1 1050 1047 1049 -1 1052 1051 1053 -1 1052 1050 1051 -1 1054 1053 1055 -1 1054 1052 1053 -1 1056 1055 1057 -1 1056 1054 1055 -1 1058 1057 1059 -1 1058 1056 1057 -1 1060 1059 1061 -1 1060 1058 1059 -1 1062 1061 1063 -1 1062 1060 1061 -1 1064 1062 1063 -1 1065 1063 1066 -1 1065 1064 1063 -1 1067 1066 1068 -1 1067 1065 1066 -1 1069 1064 1065 -1 1070 1067 1068 -1 1071 1068 1072 -1 1071 1070 1068 -1 1073 1072 1074 -1 1073 1075 1071 -1 1073 1071 1072 -1 1076 1074 1077 -1 1076 1073 1074 -1 1078 1076 1077 -1 1079 1080 1081 -1 1085 1086 1080 -1 1085 1080 1079 -1 1087 1086 1085 -1 1095 1096 1047 -1 1095 1079 1096 -1 1095 1047 1097 -1 1095 1085 1079 -1 1101 1087 1085 -1 1101 1085 1095 -1 1101 1095 1097 -1 1110 1111 81 -1 1110 81 176 -1 1110 176 177 -1 1112 177 179 -1 1112 1110 177 -1 1113 1112 179 -1 1114 179 182 -1 1114 182 278 -1 1114 1113 179 -1 1114 278 279 -1 1115 279 187 -1 1115 187 186 -1 1115 1114 279 -1 1116 1115 186 -1 1116 186 188 -1 1116 188 190 -1 1116 190 191 -1 1116 191 192 -1 1117 1116 192 -1 1118 192 195 -1 1118 1117 192 -1 1119 1118 195 -1 1120 195 197 -1 1120 197 198 -1 1120 198 50 -1 1120 50 1121 -1 1120 1119 195 -1 1122 1123 1124 -1 1125 1126 1123 -1 1127 1128 1125 -1 1129 1130 1128 -1 1131 1132 1133 -1 1134 1135 1131 -1 1136 1137 1135 -1 1138 1139 1136 -1 1140 1141 1139 -1 1142 1143 1140 -1 1144 1145 1143 -1 1144 1143 1142 -1 1146 1145 1144 -1 1147 1146 1144 -1 1148 1147 1144 -1 1148 1144 1142 -1 1149 1146 1147 -1 1149 1147 1148 -1 1150 1146 1149 -1 1151 1150 1149 -1 1152 1149 1148 -1 1152 1151 1149 -1 1153 1150 1151 -1 1153 1151 1152 -1 1154 1150 1153 -1 1155 1154 1153 -1 1156 1153 1152 -1 1156 1155 1153 -1 1157 1154 1155 -1 1157 1155 1156 -1 1158 1154 1157 -1 1159 1158 1157 -1 1160 1157 1156 -1 1160 1159 1157 -1 1161 1158 1159 -1 1161 1159 1160 -1 1162 1158 1161 -1 1163 1162 1161 -1 1164 1161 1160 -1 1164 1163 1161 -1 1165 1162 1163 -1 1165 1163 1164 -1 1166 1162 1165 -1 1167 1166 1165 -1 1168 1165 1164 -1 1168 1167 1165 -1 1169 1166 1167 -1 1169 1167 1168 -1 1170 1166 1169 -1 1171 1170 1169 -1 1172 1171 1169 -1 1172 1169 1168 -1 1173 1170 1171 -1 1174 1175 1173 -1 1176 97 66 -1 1176 98 97 -1 1176 66 1177 -1 1178 100 98 -1 1178 98 1176 -1 1179 100 1178 -1 1180 103 100 -1 1180 100 1179 -1 1181 1182 1175 -1 1183 108 107 -1 1183 110 108 -1 1184 111 110 -1 1184 112 111 -1 1184 113 112 -1 1184 110 1183 -1 1185 113 1184 -1 1186 116 113 -1 1186 113 1185 -1 1187 119 116 -1 1187 120 119 -1 1187 33 120 -1 1187 116 1186 -1 1187 1188 33 -1 1189 1110 1112 -1 1189 1114 1115 -1 1189 1111 1110 -1 1189 1112 1113 -1 1189 1113 1114 -1 1189 1115 1124 -1 1190 1111 1189 -1 1190 1189 1124 -1 1191 1192 1111 -1 1191 1111 1190 -1 1193 1124 1123 -1 1193 1191 1190 -1 1193 1126 1191 -1 1193 1190 1124 -1 1193 1123 1126 -1 1194 1118 1119 -1 1194 1119 1120 -1 1194 1120 1121 -1 1194 1116 1117 -1 1194 1117 1118 -1 1195 1192 1191 -1 1195 1191 1126 -1 1196 1194 1121 -1 1197 1122 1124 -1 1197 1124 1196 -1 1198 1195 1126 -1 1198 1126 1125 -1 1199 1195 1198 -1 1199 1198 1125 -1 1199 1192 1195 -1 1200 1201 1192 -1 1200 1192 1199 -1 1202 1122 1197 -1 1202 1197 1196 -1 1202 1196 1121 -1 1203 1128 1130 -1 1203 1199 1125 -1 1203 1200 1199 -1 1203 1130 1200 -1 1203 1125 1128 -1 1204 1201 1200 -1 1204 1200 1130 -1 1205 1125 1123 -1 1205 1123 1122 -1 1206 1121 1207 -1 1206 1122 1202 -1 1206 1202 1121 -1 1206 1205 1122 -1 1208 1206 1207 -1 1208 1205 1206 -1 1208 1125 1205 -1 1209 1125 1208 -1 1209 1127 1125 -1 1210 1201 1204 -1 1210 1211 1201 -1 1212 1209 1208 -1 1212 1127 1209 -1 1212 1208 1207 -1 1213 1211 1210 -1 1213 1210 1132 -1 1214 1127 1212 -1 1214 1212 1207 -1 1214 1207 1215 -1 1216 1217 1211 -1 1216 1211 1213 -1 1218 1214 1215 -1 1219 1217 1216 -1 1219 1216 1137 -1 1220 1218 1215 -1 1220 1221 1218 -1 1220 1215 1222 -1 1223 1224 1217 -1 1223 1217 1219 -1 1225 1220 1222 -1 1226 1224 1223 -1 1226 1223 1141 -1 1227 1228 1224 -1 1227 1224 1226 -1 1229 1134 1225 -1 1229 1225 1222 -1 1229 1222 1230 -1 1231 1227 1145 -1 1231 1228 1227 -1 1232 1229 1230 -1 1233 1234 1228 -1 1233 1145 1146 -1 1233 1231 1145 -1 1233 1228 1231 -1 1235 1138 1232 -1 1235 1232 1230 -1 1235 1230 1236 -1 1237 1234 1233 -1 1237 1233 1146 -1 1238 1235 1236 -1 1239 1234 1237 -1 1239 1240 1234 -1 1239 1146 1150 -1 1239 1237 1146 -1 1241 1148 1142 -1 1241 1236 1242 -1 1241 1238 1236 -1 1241 1142 1238 -1 1243 1240 1239 -1 1243 1239 1150 -1 1244 1148 1241 -1 1244 1241 1242 -1 1245 1246 1240 -1 1245 1150 1154 -1 1245 1243 1150 -1 1245 1240 1243 -1 1247 1152 1148 -1 1247 1242 1248 -1 1247 1148 1244 -1 1247 1244 1242 -1 1249 1246 1245 -1 1249 1245 1154 -1 1250 1152 1247 -1 1250 1247 1248 -1 1251 1252 1246 -1 1251 1249 1154 -1 1251 1154 1158 -1 1251 1246 1249 -1 1253 1152 1250 -1 1253 1156 1152 -1 1253 1248 1254 -1 1253 1250 1248 -1 1255 1252 1251 -1 1255 1251 1158 -1 1256 1253 1254 -1 1256 1156 1253 -1 1257 1258 1252 -1 1257 1255 1158 -1 1257 1158 1162 -1 1257 1252 1255 -1 1259 1256 1254 -1 1259 1254 1260 -1 1259 1160 1156 -1 1259 1156 1256 -1 1261 1258 1257 -1 1261 1257 1162 -1 1262 1160 1259 -1 1262 1259 1260 -1 1263 1258 1261 -1 1263 1261 1162 -1 1263 1264 1258 -1 1263 1162 1166 -1 1265 1262 1260 -1 1265 1260 1266 -1 1265 1160 1262 -1 1265 1164 1160 -1 1267 1264 1263 -1 1267 1263 1166 -1 1268 1265 1266 -1 1268 1164 1265 -1 1269 1166 1170 -1 1269 1264 1267 -1 1269 1270 1264 -1 1269 1267 1166 -1 1271 1268 1266 -1 1271 1164 1268 -1 1271 1266 1272 -1 1271 1168 1164 -1 1273 1270 1269 -1 1273 1269 1170 -1 1274 1271 1272 -1 1274 1168 1271 -1 1275 1270 1273 -1 1275 1177 1270 -1 1276 1172 1168 -1 1276 1274 1272 -1 1276 1168 1274 -1 1276 1272 1277 -1 1278 1275 1182 -1 1278 1176 1177 -1 1278 1178 1176 -1 1278 1179 1178 -1 1278 1177 1275 -1 1279 1172 1276 -1 1279 1276 1277 -1 1280 1172 1279 -1 1280 1279 1277 -1 1280 1277 1281 -1 1282 1280 1281 -1 1283 1278 1182 -1 1283 1180 1179 -1 1283 1181 1183 -1 1283 1179 1278 -1 1283 1182 1181 -1 1284 104 103 -1 1284 105 104 -1 1284 107 105 -1 1284 1183 107 -1 1284 1180 1283 -1 1284 1283 1183 -1 1284 103 1180 -1 1285 1175 1174 -1 1285 1181 1175 -1 1286 1285 1174 -1 1286 1282 1281 -1 1286 1174 1282 -1 1286 1281 1188 -1 1287 1181 1285 -1 1287 1285 1286 -1 1287 1286 1188 -1 1288 1183 1181 -1 1288 1185 1184 -1 1288 1186 1185 -1 1288 1187 1186 -1 1288 1188 1187 -1 1288 1181 1287 -1 1288 1287 1188 -1 1288 1184 1183 -1 1289 1115 1116 -1 1289 1116 1194 -1 1289 1196 1124 -1 1289 1194 1196 -1 1289 1124 1115 -1 1290 1130 1129 -1 1290 1204 1130 -1 1291 1210 1204 -1 1291 1204 1290 -1 1292 1290 1129 -1 1292 1291 1290 -1 1292 1210 1291 -1 1293 1128 1127 -1 1293 1127 1214 -1 1294 1129 1128 -1 1294 1128 1293 -1 1295 1132 1210 -1 1295 1292 1129 -1 1295 1129 1133 -1 1295 1133 1132 -1 1295 1210 1292 -1 1296 1293 1214 -1 1296 1129 1294 -1 1296 1294 1293 -1 1297 1214 1218 -1 1297 1296 1214 -1 1298 1297 1218 -1 1298 1129 1296 -1 1298 1296 1297 -1 1299 1221 1133 -1 1299 1218 1221 -1 1299 1133 1129 -1 1299 1129 1298 -1 1299 1298 1218 -1 1300 1213 1132 -1 1300 1216 1213 -1 1300 1132 1131 -1 1301 1300 1131 -1 1301 1137 1216 -1 1301 1131 1135 -1 1301 1216 1300 -1 1301 1135 1137 -1 1302 1134 1131 -1 1302 1225 1134 -1 1302 1133 1221 -1 1302 1221 1220 -1 1302 1220 1225 -1 1302 1131 1133 -1 1303 1137 1136 -1 1303 1223 1219 -1 1303 1219 1137 -1 1304 1139 1141 -1 1304 1223 1303 -1 1304 1303 1136 -1 1304 1141 1223 -1 1304 1136 1139 -1 1305 1135 1134 -1 1305 1138 1136 -1 1305 1136 1135 -1 1305 1134 1229 -1 1305 1232 1138 -1 1305 1229 1232 -1 1306 1141 1140 -1 1306 1226 1141 -1 1306 1227 1226 -1 1307 1145 1227 -1 1307 1227 1306 -1 1307 1143 1145 -1 1307 1140 1143 -1 1307 1306 1140 -1 1308 1139 1138 -1 1308 1235 1238 -1 1308 1140 1139 -1 1308 1138 1235 -1 1308 1142 1140 -1 1308 1238 1142 -1 1309 1170 1173 -1 1309 1275 1273 -1 1309 1273 1170 -1 1310 1309 1173 -1 1310 1173 1175 -1 1311 1182 1275 -1 1311 1175 1182 -1 1311 1275 1309 -1 1311 1310 1175 -1 1311 1309 1310 -1 1312 1171 1172 -1 1312 1172 1280 -1 1312 1280 1282 -1 1312 1173 1171 -1 1312 1282 1174 -1 1312 1174 1173 -1 1111 82 81 -1 1192 1313 1314 -1 1315 1192 1201 -1 1315 1313 1192 -1 1211 1315 1201 -1 1316 1315 1211 -1 1317 1316 1211 -1 1217 1317 1211 -1 1318 1317 1217 -1 1224 1318 1217 -1 1228 1318 1224 -1 1319 1318 1228 -1 1234 1319 1228 -1 66 65 1177 -1 1320 1321 1258 -1 1320 1258 1264 -1 1322 1320 1270 -1 65 1322 1177 -1 1314 82 1111 -1 1323 1319 1234 -1 1324 1323 1240 -1 1325 1324 1246 -1 1321 1325 1252 -1 1111 1192 1314 -1 1234 1240 1323 -1 1240 1246 1324 -1 1246 1252 1325 -1 1252 1258 1321 -1 1264 1270 1320 -1 1270 1177 1322 -1 1326 1327 1328 -1 1329 1330 1331 -1 1332 1330 1329 -1 1333 1330 1332 -1 1334 1335 1336 -1 1334 1337 1335 -1 1338 1334 1336 -1 1338 1339 1337 -1 1338 1337 1334 -1 1340 1339 1338 -1 1340 1341 1339 -1 1340 1338 1336 -1 1342 1343 1341 -1 1342 1341 1340 -1 1344 1345 1343 -1 1344 1343 1342 -1 1346 1347 1348 -1 1346 1349 1345 -1 1346 1348 1349 -1 1346 1345 1344 -1 1350 1336 1351 -1 1352 1336 1350 -1 1352 1350 1351 -1 1352 1340 1336 -1 1353 1342 1340 -1 1353 1340 1352 -1 1353 1352 1351 -1 1354 1342 1353 -1 1354 1344 1342 -1 1355 1356 1347 -1 1355 1346 1344 -1 1355 1344 1354 -1 1355 1347 1346 -1 1357 1351 1358 -1 1359 1351 1357 -1 1359 1357 1358 -1 1360 1359 1358 -1 1360 1351 1359 -1 1360 1353 1351 -1 1361 1354 1353 -1 1361 1360 1358 -1 1361 1353 1360 -1 1362 1354 1361 -1 1362 1363 1356 -1 1362 1355 1354 -1 1362 1356 1355 -1 1364 1358 1365 -1 1366 1358 1364 -1 1367 1364 1365 -1 1368 1358 1366 -1 1368 1361 1358 -1 1369 1364 1367 -1 1370 1371 1363 -1 1370 1361 1368 -1 1370 1363 1362 -1 1370 1362 1361 -1 1372 1364 1369 -1 1373 1364 1372 -1 1373 1366 1364 -1 1374 1368 1366 -1 1374 1366 1373 -1 1375 1376 1371 -1 1375 1368 1374 -1 1375 1371 1370 -1 1375 1370 1368 -1 1377 1365 1378 -1 1377 1367 1365 -1 1379 1367 1377 -1 1379 1369 1367 -1 1380 1369 1379 -1 1380 1372 1369 -1 1381 1373 1372 -1 1381 1372 1380 -1 1382 1374 1373 -1 1382 1373 1381 -1 1383 1377 1378 -1 1384 1376 1375 -1 1384 1375 1374 -1 1384 1374 1382 -1 1385 1377 1383 -1 1385 1379 1377 -1 1386 1380 1379 -1 1386 1379 1385 -1 1387 1381 1380 -1 1387 1380 1386 -1 1388 1382 1381 -1 1388 1381 1387 -1 1389 1390 1376 -1 1389 1376 1384 -1 1389 1384 1382 -1 1389 1382 1388 -1 1391 1378 1392 -1 1391 1383 1378 -1 1391 1385 1383 -1 1393 1385 1391 -1 1393 1386 1385 -1 1394 1386 1393 -1 1395 1387 1386 -1 1395 1386 1394 -1 1396 1388 1387 -1 1396 1387 1395 -1 1397 1388 1396 -1 1397 1390 1389 -1 1397 1389 1388 -1 1398 1391 1392 -1 1399 1391 1398 -1 1399 1393 1391 -1 1400 1394 1393 -1 1400 1393 1399 -1 1401 1395 1394 -1 1401 1394 1400 -1 1402 1395 1401 -1 1402 1396 1395 -1 1403 1390 1397 -1 1403 1396 1402 -1 1403 1404 1390 -1 1403 1397 1396 -1 1405 1392 1406 -1 1405 1398 1392 -1 1407 1398 1405 -1 1407 1399 1398 -1 1408 1400 1399 -1 1408 1399 1407 -1 1409 1401 1400 -1 1409 1400 1408 -1 1410 1402 1401 -1 1410 1403 1402 -1 1410 1401 1409 -1 1411 1404 1403 -1 1411 1403 1410 -1 1412 1405 1406 -1 1412 1407 1405 -1 1413 1407 1412 -1 1414 1407 1413 -1 1414 1408 1407 -1 1414 1409 1408 -1 1415 1409 1414 -1 1416 1410 1409 -1 1416 1409 1415 -1 1417 1418 1404 -1 1417 1404 1411 -1 1417 1411 1410 -1 1417 1410 1416 -1 1419 1406 1420 -1 1419 1412 1406 -1 1421 1412 1419 -1 1421 1413 1412 -1 1422 1414 1413 -1 1422 1413 1421 -1 1423 1415 1414 -1 1423 1414 1422 -1 1424 1416 1415 -1 1424 1415 1423 -1 1425 1418 1417 -1 1425 1417 1416 -1 1425 1416 1424 -1 1426 1419 1420 -1 1427 1421 1419 -1 1427 1419 1426 -1 1428 1422 1421 -1 1428 1421 1427 -1 1429 1423 1422 -1 1429 1422 1428 -1 1430 1424 1423 -1 1430 1423 1429 -1 1431 1420 1432 -1 1431 1426 1420 -1 1433 1434 1418 -1 1433 1418 1425 -1 1433 1425 1424 -1 1433 1424 1430 -1 1435 1427 1426 -1 1435 1426 1431 -1 1435 1428 1427 -1 1436 1428 1435 -1 1437 1428 1436 -1 1437 1429 1428 -1 1438 1433 1430 -1 1438 1429 1437 -1 1438 1430 1429 -1 1439 1433 1438 -1 1439 1434 1433 -1 1440 1431 1432 -1 1441 1431 1440 -1 1441 1435 1431 -1 1442 1436 1435 -1 1442 1437 1436 -1 1442 1435 1441 -1 1443 1437 1442 -1 1444 1432 1445 -1 1444 1440 1432 -1 1446 1438 1437 -1 1446 1437 1443 -1 1447 1441 1440 -1 1447 1440 1444 -1 1448 1439 1438 -1 1448 1434 1439 -1 1448 1438 1446 -1 1448 1449 1434 -1 1450 1442 1441 -1 1450 1441 1447 -1 1451 1443 1442 -1 1451 1442 1450 -1 1452 1446 1443 -1 1452 1443 1451 -1 1453 1448 1446 -1 1453 1449 1448 -1 1453 1446 1452 -1 1454 1444 1445 -1 1455 1444 1454 -1 1455 1447 1444 -1 1456 1447 1455 -1 1456 1450 1447 -1 1456 1455 1457 -1 1458 1456 1457 -1 1458 1450 1456 -1 1458 1451 1450 -1 1459 1452 1451 -1 1459 1458 1457 -1 1459 1451 1458 -1 1460 1457 1449 -1 1460 1449 1453 -1 1460 1453 1452 -1 1460 1459 1457 -1 1460 1452 1459 -1 1461 1445 1462 -1 1461 1454 1445 -1 1463 1457 1455 -1 1463 1454 1461 -1 1463 1455 1454 -1 1464 1457 1463 -1 1465 1457 1464 -1 1465 1464 1466 -1 1467 1465 1466 -1 1467 1457 1465 -1 1468 1466 1457 -1 1468 1467 1466 -1 1468 1457 1467 -1 1469 1462 1327 -1 1469 1461 1462 -1 1469 1327 1326 -1 1470 1326 1471 -1 1470 1469 1326 -1 1470 1461 1469 -1 1470 1463 1461 -1 1472 1471 1473 -1 1472 1464 1463 -1 1472 1466 1464 -1 1472 1470 1471 -1 1472 1463 1470 -1 1474 1473 1331 -1 1474 1331 1330 -1 1474 1466 1472 -1 1474 1472 1473 -1 1475 1474 1330 -1 1475 1466 1474 -1 1476 1475 1330 -1 1476 1466 1475 -1 1476 1330 1466 -1 89 1335 87 -1 87 1477 85 -1 1335 1477 87 -1 85 1478 84 -1 1477 1478 85 -1 84 1479 79 -1 1478 1479 84 -1 79 1480 76 -1 1479 1480 79 -1 76 1481 74 -1 1480 1481 76 -1 74 1482 73 -1 1481 1482 74 -1 73 1483 70 -1 1482 1483 73 -1 70 1484 68 -1 1483 1484 70 -1 68 1485 69 -1 1484 1485 68 -1 69 1486 65 -1 1485 1486 69 -1 65 1487 1322 -1 1486 1487 65 -1 1322 1488 1320 -1 1487 1488 1322 -1 1320 1328 1321 -1 1488 1328 1320 -1 1491 1489 1490 -1 1501 1500 1499 -1 1490 1492 1499 -1 1491 1490 1499 -1 1492 1510 1499 -1 1493 1494 1492 -1 1495 1494 1493 -1 1496 1494 1495 -1 1494 1497 1492 -1 1497 1498 1492 -1 1501 1502 1500 -1 1503 1502 1501 -1 1500 1502 1504 -1 1505 1506 1503 -1 1503 1507 1502 -1 1506 1507 1503 -1 1509 1510 1508 -1 1508 1510 1492 -1 1500 1491 1499 -1 1498 1508 1492 -1 1511 1512 1509 -1 1510 1512 1513 -1 1509 1512 1510 -1 1514 1515 1516 -1 1517 1514 1516 -1 1518 1514 1519 -1 1518 1515 1514 -1 1520 1519 1521 -1 1520 1518 1519 -1 1516 1522 1517 -1 1516 1523 1522 -1 1521 1524 1520 -1 1522 1525 1524 -1 1524 1525 1520 -1 1523 1525 1522 -1 1526 1527 1528 -1 1527 1529 1528 -1 1530 1531 1532 -1 1533 1534 1535 -1 1533 1535 1532 -1 1533 1532 1531 -1 1536 1491 1531 -1 1536 1530 1534 -1 1536 1531 1530 -1 1537 1534 1533 -1 1537 1536 1534 -1 1538 1491 1536 -1 1489 1539 1537 -1 1489 1537 1533 -1 1489 1491 1538 -1 1489 1538 1539 -1 1540 1541 1542 -1 1543 1540 1542 -1 1544 1540 1545 -1 1544 1541 1540 -1 1546 1545 1547 -1 1546 1544 1545 -1 1542 1548 1543 -1 1542 1549 1548 -1 1547 1550 1546 -1 1548 1551 1550 -1 1550 1551 1546 -1 1549 1551 1548 -1 1552 1553 1554 -1 1553 1555 1554 -1 1533 1556 1541 -1 1541 1544 1533 -1 1556 1557 1541 -1 1544 1489 1533 -1 1515 1489 1544 -1 1515 1518 1489 -1 1558 1559 1544 -1 1544 1559 1515 -1 1560 1490 1518 -1 1518 1490 1489 -1 1561 1562 1563 -1 1562 1564 1563 -1 1565 1566 1564 -1 1567 1566 1565 -1 1564 1566 1563 -1 1566 1568 1563 -1 1563 1569 1531 -1 1568 1569 1563 -1 1531 1556 1533 -1 1569 1556 1531 -1 1570 1571 1572 -1 1571 1573 1572 -1 1574 1575 1573 -1 1573 1575 1572 -1 1576 1577 1575 -1 1572 1577 1569 -1 1569 1577 1556 -1 1575 1577 1572 -1 1578 1579 1576 -1 1576 1579 1577 -1 1580 1581 1579 -1 1577 1581 1582 -1 1579 1581 1577 -1 1583 1584 1491 -1 1584 1585 1491 -1 1491 1586 1583 -1 1491 1500 1586 -1 1587 1531 1585 -1 1585 1531 1491 -1 1500 1588 1586 -1 1588 1589 1584 -1 1584 1589 1585 -1 1587 1590 1531 -1 1589 1563 1590 -1 1590 1563 1531 -1 1500 1563 1588 -1 1588 1563 1589 -1 1575 1591 1592 -1 1592 1593 1575 -1 1575 1594 1591 -1 1593 1595 1575 -1 1575 1596 1594 -1 1595 1597 1575 -1 1575 1333 1596 -1 1598 1576 1597 -1 1599 1576 1598 -1 1597 1576 1575 -1 1599 1600 1576 -1 1600 1601 1576 -1 1601 1602 1576 -1 1602 1603 1576 -1 1457 1604 1449 -1 1449 1604 1605 -1 1449 1606 1434 -1 1605 1606 1449 -1 1457 1607 1604 -1 1466 1607 1457 -1 1603 1348 1576 -1 1606 1608 1434 -1 1434 1608 1418 -1 1466 1609 1607 -1 1330 1609 1466 -1 1608 1610 1418 -1 1418 1610 1404 -1 1610 1611 1404 -1 1404 1611 1390 -1 1611 1612 1390 -1 1390 1612 1376 -1 1612 1613 1376 -1 1376 1613 1371 -1 1363 1614 1356 -1 1371 1614 1363 -1 1613 1614 1371 -1 998 1508 990 -1 1007 1508 998 -1 871 1508 1007 -1 874 1508 871 -1 1614 1615 1356 -1 1508 975 990 -1 1615 1616 1356 -1 1356 1616 1347 -1 1508 959 975 -1 1508 945 959 -1 888 1498 889 -1 897 1498 888 -1 904 1498 897 -1 912 1498 904 -1 917 1498 912 -1 931 1498 917 -1 945 1498 931 -1 1508 1498 945 -1 1498 1576 889 -1 889 1576 1616 -1 1616 1576 1348 -1 1616 1348 1347 -1 1575 1508 1333 -1 1333 1508 1330 -1 1330 1508 874 -1 1330 874 1609 -1 1553 1556 1577 -1 1492 1555 1577 -1 1577 1555 1553 -1 1553 1557 1556 -1 1492 1527 1555 -1 1527 1558 1555 -1 1492 1529 1527 -1 1527 1559 1558 -1 1529 1490 1560 -1 1492 1490 1529 -1 1501 1499 1568 -1 1568 1499 1569 -1 1569 1617 1618 -1 1618 1619 1569 -1 1619 1572 1569 -1 1617 1510 1619 -1 1499 1510 1617 -1 1619 1510 1572 -1 1569 1499 1617 -1 1561 1500 1504 -1 1561 1563 1500 -1 1562 1504 1502 -1 1562 1561 1504 -1 1564 1502 1507 -1 1564 1562 1502 -1 1565 1507 1506 -1 1565 1564 1507 -1 1567 1505 1503 -1 1567 1506 1505 -1 1567 1565 1506 -1 1566 1567 1503 -1 1568 1503 1501 -1 1568 1566 1503 -1 1570 1510 1513 -1 1570 1572 1510 -1 1571 1513 1512 -1 1571 1570 1513 -1 1573 1512 1511 -1 1573 1571 1512 -1 1574 1511 1509 -1 1574 1573 1511 -1 1575 1509 1508 -1 1575 1574 1509 -1 1578 1498 1497 -1 1578 1576 1498 -1 1579 1497 1494 -1 1579 1578 1497 -1 1580 1494 1496 -1 1580 1579 1494 -1 1581 1496 1495 -1 1581 1580 1496 -1 1582 1495 1493 -1 1582 1581 1495 -1 1577 1493 1492 -1 1577 1582 1493 -1 1618 1620 1621 -1 1617 1620 1618 -1 1619 1618 1622 -1 1622 1618 1621 -1 1617 1619 1620 -1 1620 1619 1622 -1 1620 1622 1621 -1 1623 1624 1587 -1 1587 1624 1590 -1 1623 1625 1624 -1 1623 1626 1625 -1 1627 1628 1623 -1 1623 1628 1626 -1 1627 1629 1628 -1 1624 1630 1590 -1 1590 1630 1589 -1 1589 1631 1632 -1 1630 1631 1589 -1 1633 1631 1630 -1 1625 1634 1624 -1 1624 1634 1630 -1 1630 1634 1633 -1 1626 1635 1625 -1 1636 1637 1638 -1 1634 1639 1633 -1 1639 1640 1633 -1 1641 1642 1636 -1 1637 1642 1643 -1 1636 1642 1637 -1 1629 1644 1628 -1 1640 1645 1633 -1 1646 1645 1640 -1 1645 1647 1633 -1 1641 1648 1642 -1 1649 1648 1641 -1 1632 1650 1651 -1 1633 1650 1631 -1 1631 1650 1632 -1 1647 1650 1633 -1 1652 1653 1629 -1 1629 1653 1644 -1 1649 1653 1648 -1 1644 1653 1649 -1 1654 1655 1656 -1 1656 1657 1654 -1 1658 1657 1656 -1 1654 1657 1659 -1 1660 1661 1653 -1 1657 1661 1659 -1 1659 1661 1660 -1 1651 1662 1663 -1 1664 1665 1652 -1 1653 1665 1660 -1 1652 1665 1653 -1 1666 1667 1626 -1 1666 1668 1667 -1 1628 1669 1626 -1 1626 1669 1666 -1 1644 1669 1628 -1 1670 1671 1672 -1 1636 1673 1641 -1 1668 1673 1636 -1 1641 1673 1649 -1 1644 1673 1669 -1 1669 1673 1666 -1 1666 1673 1668 -1 1649 1673 1644 -1 1671 1674 1639 -1 1639 1674 1640 -1 1675 1676 1677 -1 1646 1676 1675 -1 1678 1676 1674 -1 1674 1676 1640 -1 1640 1676 1646 -1 1678 1679 1676 -1 1676 1679 1677 -1 1677 1680 1681 -1 1642 1680 1643 -1 1648 1680 1642 -1 1681 1680 1682 -1 1643 1680 1683 -1 1679 1680 1677 -1 1684 1685 1675 -1 1675 1685 1646 -1 1646 1685 1645 -1 1684 1686 1681 -1 1681 1686 1677 -1 1684 1687 1685 -1 1685 1687 1688 -1 1645 1689 1647 -1 1685 1689 1645 -1 1688 1689 1685 -1 1689 1690 1647 -1 1653 1691 1648 -1 1661 1691 1653 -1 1648 1691 1680 -1 1682 1691 1661 -1 1680 1691 1682 -1 1692 1693 1658 -1 1681 1693 1684 -1 1684 1693 1687 -1 1658 1693 1657 -1 1657 1693 1661 -1 1682 1693 1681 -1 1661 1693 1682 -1 1690 1694 1695 -1 1696 1697 1698 -1 1663 1697 1696 -1 1654 1699 1698 -1 1698 1699 1696 -1 1659 1699 1654 -1 1699 1700 1696 -1 1659 1700 1699 -1 1665 1700 1660 -1 1660 1700 1659 -1 1663 1701 1664 -1 1700 1701 1696 -1 1665 1701 1700 -1 1664 1701 1665 -1 1696 1701 1663 -1 1635 1702 1625 -1 1625 1702 1634 -1 1639 1702 1671 -1 1634 1702 1639 -1 1671 1702 1672 -1 1667 1703 1626 -1 1667 1704 1703 -1 1668 1704 1667 -1 1672 1705 1670 -1 1638 1706 1707 -1 1637 1706 1638 -1 1708 1709 1671 -1 1709 1710 1671 -1 1671 1710 1674 -1 1709 1711 1710 -1 1710 1712 1674 -1 1674 1712 1678 -1 1678 1713 1679 -1 1712 1713 1678 -1 1680 1713 1683 -1 1679 1713 1680 -1 1675 1714 1684 -1 1677 1714 1675 -1 1684 1714 1686 -1 1686 1714 1677 -1 1693 1715 1687 -1 1687 1715 1688 -1 1692 1715 1693 -1 1715 1716 1688 -1 1688 1716 1689 -1 1689 1717 1690 -1 1716 1717 1689 -1 1717 1718 1690 -1 1719 1718 1717 -1 1718 1720 1690 -1 1647 1721 1650 -1 1651 1721 1662 -1 1650 1721 1651 -1 1690 1721 1647 -1 1695 1721 1690 -1 1694 1722 1695 -1 1723 1724 1655 -1 1655 1724 1656 -1 1698 1725 1726 -1 1697 1725 1698 -1 1697 1727 1725 -1 1663 1727 1697 -1 1702 1728 1672 -1 1672 1728 1729 -1 1635 1728 1702 -1 1626 1730 1635 -1 1704 1730 1703 -1 1635 1730 1704 -1 1703 1730 1626 -1 1636 1731 1668 -1 1636 1732 1731 -1 1638 1732 1636 -1 1707 1733 1705 -1 1705 1733 1670 -1 1706 1733 1707 -1 1733 1734 1670 -1 1706 1734 1733 -1 1637 1734 1706 -1 1670 1734 1637 -1 1670 1735 1671 -1 1637 1735 1670 -1 1671 1735 1708 -1 1643 1736 1737 -1 1683 1736 1643 -1 1683 1738 1736 -1 1711 1739 1710 -1 1710 1739 1712 -1 1738 1739 1711 -1 1712 1739 1713 -1 1715 1740 1716 -1 1716 1740 1717 -1 1717 1740 1719 -1 1740 1741 1719 -1 1658 1742 1692 -1 1692 1742 1741 -1 1658 1743 1742 -1 1694 1744 1656 -1 1690 1744 1694 -1 1720 1744 1690 -1 1656 1745 1694 -1 1724 1745 1656 -1 1745 1746 1694 -1 1722 1746 1723 -1 1724 1746 1745 -1 1694 1746 1722 -1 1723 1746 1724 -1 1654 1747 1655 -1 1695 1748 1721 -1 1721 1748 1662 -1 1749 1748 1695 -1 1726 1750 1698 -1 1698 1750 1654 -1 1751 1750 1726 -1 1654 1750 1747 -1 1752 1753 1662 -1 1727 1753 1725 -1 1663 1753 1727 -1 1662 1753 1663 -1 1725 1753 1752 -1 1728 1754 1729 -1 1732 1755 1731 -1 1731 1755 1729 -1 1638 1756 1732 -1 1705 1756 1707 -1 1707 1756 1638 -1 1735 1757 1708 -1 1637 1758 1735 -1 1737 1758 1643 -1 1735 1758 1757 -1 1643 1758 1637 -1 1757 1758 1737 -1 1736 1759 1737 -1 1708 1759 1709 -1 1757 1759 1708 -1 1737 1759 1757 -1 1709 1760 1711 -1 1759 1760 1709 -1 1760 1761 1711 -1 1738 1761 1736 -1 1711 1761 1738 -1 1683 1762 1738 -1 1738 1762 1739 -1 1739 1762 1713 -1 1713 1762 1683 -1 1715 1763 1740 -1 1741 1763 1692 -1 1740 1763 1741 -1 1692 1763 1715 -1 1741 1764 1719 -1 1742 1764 1741 -1 1764 1765 1719 -1 1719 1765 1718 -1 1765 1766 1718 -1 1743 1766 1742 -1 1718 1766 1720 -1 1766 1767 1720 -1 1743 1767 1766 -1 1720 1767 1744 -1 1743 1768 1767 -1 1767 1768 1744 -1 1658 1768 1743 -1 1656 1768 1658 -1 1744 1768 1656 -1 1723 1769 1722 -1 1655 1769 1723 -1 1747 1769 1655 -1 1747 1770 1771 -1 1771 1770 1749 -1 1749 1770 1751 -1 1750 1770 1747 -1 1751 1770 1750 -1 1749 1772 1748 -1 1635 1773 1728 -1 1704 1773 1635 -1 1728 1773 1754 -1 1773 1774 1754 -1 1774 1775 1754 -1 1729 1775 1731 -1 1754 1775 1729 -1 1729 1776 1672 -1 1672 1776 1705 -1 1755 1776 1729 -1 1705 1776 1756 -1 1760 1777 1761 -1 1736 1777 1759 -1 1759 1777 1760 -1 1761 1777 1736 -1 1742 1778 1764 -1 1766 1778 1742 -1 1765 1778 1766 -1 1764 1778 1765 -1 1749 1779 1771 -1 1722 1779 1695 -1 1769 1779 1722 -1 1695 1779 1749 -1 1749 1780 1772 -1 1751 1780 1749 -1 1780 1781 1772 -1 1662 1782 1752 -1 1748 1782 1662 -1 1781 1782 1772 -1 1772 1782 1748 -1 1704 1783 1773 -1 1668 1783 1704 -1 1773 1783 1774 -1 1668 1784 1783 -1 1783 1784 1774 -1 1731 1785 1668 -1 1774 1785 1775 -1 1784 1785 1774 -1 1668 1785 1784 -1 1775 1785 1731 -1 1732 1786 1755 -1 1756 1786 1732 -1 1776 1786 1756 -1 1755 1786 1776 -1 1771 1787 1747 -1 1747 1787 1769 -1 1769 1787 1779 -1 1779 1787 1771 -1 1726 1788 1751 -1 1751 1788 1780 -1 1780 1788 1781 -1 1726 1789 1788 -1 1788 1789 1781 -1 1725 1790 1726 -1 1726 1790 1789 -1 1781 1790 1782 -1 1789 1790 1781 -1 1782 1791 1752 -1 1725 1791 1790 -1 1790 1791 1782 -1 1752 1791 1725 -1 1587 1627 1623 -1 1585 1792 1587 -1 1587 1792 1627 -1 1585 1793 1792 -1 1632 1585 1589 -1 1651 1793 1632 -1 1663 1793 1651 -1 1664 1793 1663 -1 1632 1793 1585 -1 1652 1792 1664 -1 1664 1792 1793 -1 1792 1652 1794 -1 1792 1794 1795 -1 1794 1652 1629 -1 1794 1629 1796 -1 1797 1629 1627 -1 1796 1629 1797 -1 1792 1795 1627 -1 1627 1795 1797 -1 1794 1797 1795 -1 1794 1796 1797 -1 1321 1328 1325 -1 1325 1327 1324 -1 1328 1327 1325 -1 1324 1462 1323 -1 1327 1462 1324 -1 1323 1445 1319 -1 1462 1445 1323 -1 1319 1432 1318 -1 1445 1432 1319 -1 1318 1420 1317 -1 1432 1420 1318 -1 1317 1406 1316 -1 1420 1406 1317 -1 1316 1392 1315 -1 1406 1392 1316 -1 1315 1378 1313 -1 1392 1378 1315 -1 1313 1365 1314 -1 1378 1365 1313 -1 1314 1358 82 -1 1365 1358 1314 -1 82 1351 95 -1 1358 1351 82 -1 95 1336 94 -1 1351 1336 95 -1 94 1335 89 -1 1336 1335 94 -1 1345 1603 1343 -1 1349 1603 1345 -1 1348 1603 1349 -1 1798 1326 1328 -1 1798 1328 1488 -1 1799 1471 1326 -1 1799 1326 1798 -1 1799 1798 1488 -1 1800 1473 1471 -1 1800 1471 1799 -1 1800 1799 1488 -1 1801 1331 1473 -1 1801 1473 1800 -1 1802 1329 1331 -1 1802 1331 1801 -1 1803 1332 1329 -1 1803 1333 1332 -1 1803 1596 1333 -1 1803 1329 1802 -1 1804 1488 1487 -1 1805 1800 1488 -1 1805 1488 1804 -1 1805 1804 1487 -1 1806 1800 1805 -1 1806 1805 1487 -1 1806 1801 1800 -1 1807 1801 1806 -1 1807 1802 1801 -1 1808 1803 1802 -1 1808 1594 1596 -1 1808 1596 1803 -1 1808 1802 1807 -1 1809 1487 1486 -1 1810 1809 1486 -1 1810 1487 1809 -1 1811 1487 1810 -1 1811 1806 1487 -1 1811 1810 1486 -1 1812 1807 1806 -1 1812 1806 1811 -1 1812 1811 1486 -1 1813 1594 1808 -1 1813 1591 1594 -1 1813 1808 1807 -1 1813 1807 1812 -1 1814 1486 1485 -1 1815 1486 1814 -1 1816 1814 1485 -1 1817 1486 1815 -1 1817 1812 1486 -1 1818 1814 1816 -1 1819 1813 1812 -1 1819 1812 1817 -1 1819 1592 1591 -1 1819 1591 1813 -1 1820 1814 1818 -1 1821 1817 1815 -1 1821 1814 1820 -1 1821 1815 1814 -1 1822 1817 1821 -1 1823 1593 1592 -1 1823 1592 1819 -1 1823 1817 1822 -1 1823 1819 1817 -1 1824 1485 1484 -1 1824 1816 1485 -1 1825 1818 1816 -1 1825 1816 1824 -1 1826 1820 1818 -1 1826 1818 1825 -1 1827 1821 1820 -1 1827 1820 1826 -1 1828 1822 1821 -1 1828 1821 1827 -1 1829 1824 1484 -1 1830 1593 1823 -1 1830 1823 1822 -1 1830 1822 1828 -1 1831 1825 1824 -1 1831 1824 1829 -1 1832 1826 1825 -1 1832 1825 1831 -1 1833 1827 1826 -1 1833 1826 1832 -1 1834 1828 1827 -1 1834 1827 1833 -1 1835 1595 1593 -1 1835 1593 1830 -1 1835 1830 1828 -1 1835 1828 1834 -1 1836 1484 1483 -1 1836 1829 1484 -1 1836 1831 1829 -1 1837 1831 1836 -1 1837 1832 1831 -1 1838 1832 1837 -1 1839 1833 1832 -1 1839 1832 1838 -1 1840 1833 1839 -1 1840 1834 1833 -1 1841 1834 1840 -1 1841 1595 1835 -1 1841 1835 1834 -1 1842 1836 1483 -1 1843 1836 1842 -1 1843 1837 1836 -1 1844 1838 1837 -1 1844 1837 1843 -1 1845 1838 1844 -1 1845 1839 1838 -1 1846 1839 1845 -1 1846 1840 1839 -1 1847 1595 1841 -1 1847 1840 1846 -1 1847 1597 1595 -1 1847 1841 1840 -1 1848 1483 1482 -1 1848 1842 1483 -1 1849 1842 1848 -1 1849 1843 1842 -1 1850 1843 1849 -1 1850 1844 1843 -1 1851 1844 1850 -1 1851 1845 1844 -1 1852 1845 1851 -1 1852 1846 1845 -1 1853 1847 1846 -1 1853 1597 1847 -1 1853 1846 1852 -1 1854 1848 1482 -1 1855 1849 1848 -1 1855 1848 1854 -1 1856 1850 1849 -1 1856 1849 1855 -1 1857 1852 1851 -1 1857 1851 1850 -1 1857 1850 1856 -1 1858 1852 1857 -1 1859 1598 1597 -1 1859 1853 1852 -1 1859 1852 1858 -1 1859 1597 1853 -1 1860 1482 1481 -1 1860 1854 1482 -1 1861 1855 1854 -1 1861 1854 1860 -1 1862 1855 1861 -1 1862 1856 1855 -1 1862 1857 1856 -1 1863 1858 1857 -1 1863 1857 1862 -1 1864 1858 1863 -1 1864 1859 1858 -1 1865 1598 1859 -1 1865 1859 1864 -1 1866 1860 1481 -1 1866 1861 1860 -1 1867 1861 1866 -1 1868 1862 1861 -1 1868 1863 1862 -1 1868 1861 1867 -1 1869 1864 1863 -1 1869 1863 1868 -1 1870 1864 1869 -1 1871 1481 1480 -1 1871 1866 1481 -1 1872 1599 1598 -1 1872 1598 1865 -1 1872 1865 1864 -1 1872 1864 1870 -1 1873 1867 1866 -1 1873 1866 1871 -1 1873 1868 1867 -1 1874 1868 1873 -1 1875 1868 1874 -1 1875 1869 1868 -1 1876 1872 1870 -1 1876 1869 1875 -1 1876 1870 1869 -1 1877 1872 1876 -1 1877 1599 1872 -1 1878 1871 1480 -1 1879 1871 1878 -1 1879 1873 1871 -1 1880 1874 1873 -1 1880 1873 1879 -1 1880 1875 1874 -1 1881 1875 1880 -1 1882 1480 1479 -1 1882 1878 1480 -1 1883 1876 1875 -1 1883 1875 1881 -1 1884 1879 1878 -1 1884 1878 1882 -1 1885 1877 1876 -1 1885 1599 1877 -1 1885 1876 1883 -1 1885 1600 1599 -1 1886 1879 1884 -1 1886 1880 1879 -1 1887 1880 1886 -1 1887 1881 1880 -1 1888 1883 1881 -1 1888 1885 1883 -1 1888 1881 1887 -1 1889 1600 1885 -1 1889 1885 1888 -1 1890 1882 1479 -1 1891 1884 1882 -1 1891 1882 1890 -1 1892 1886 1884 -1 1892 1891 1601 -1 1892 1884 1891 -1 1893 1887 1886 -1 1893 1892 1601 -1 1893 1886 1892 -1 1894 1888 1887 -1 1894 1893 1601 -1 1894 1887 1893 -1 1895 1601 1600 -1 1895 1600 1889 -1 1895 1889 1888 -1 1895 1894 1601 -1 1895 1888 1894 -1 1896 1479 1478 -1 1896 1890 1479 -1 1897 1601 1891 -1 1897 1891 1890 -1 1897 1890 1896 -1 1898 1601 1897 -1 1899 1898 1602 -1 1899 1601 1898 -1 1900 1899 1602 -1 1900 1601 1899 -1 1901 1602 1601 -1 1901 1900 1602 -1 1901 1601 1900 -1 1902 1477 1335 -1 1902 1478 1477 -1 1902 1335 1337 -1 1902 1337 1339 -1 1902 1896 1478 -1 1903 1896 1902 -1 1903 1902 1339 -1 1903 1897 1896 -1 1904 1339 1341 -1 1904 1602 1898 -1 1904 1898 1897 -1 1904 1903 1339 -1 1904 1897 1903 -1 1905 1904 1341 -1 1905 1602 1904 -1 1905 1343 1603 -1 1905 1341 1343 -1 1906 1602 1905 -1 1906 1905 1603 -1 1907 1906 1603 -1 1907 1602 1906 -1 1907 1603 1602 -1 1121 50 49 -1 1207 1908 1909 -1 1910 1215 1207 -1 1910 1207 1909 -1 1222 1215 1910 -1 1911 1222 1910 -1 1912 1222 1911 -1 1230 1222 1912 -1 1913 1230 1912 -1 1236 1230 1913 -1 1242 1236 1913 -1 1914 1242 1913 -1 1248 1242 1914 -1 34 33 1188 -1 1207 1121 1908 -1 1254 1248 1915 -1 1260 1254 1916 -1 1266 1260 1917 -1 1272 1266 1046 -1 1281 1277 1044 -1 1188 1281 1042 -1 1917 1046 1266 -1 1916 1917 1260 -1 1915 1916 1254 -1 1914 1915 1248 -1 49 1908 1121 -1 1042 34 1188 -1 1044 1042 1281 -1 1046 1044 1277 -1 1046 1277 1272 -1 1940 1941 1075 -1 1940 1075 1073 -1 1942 1941 1940 -1 1944 1073 1076 -1 1944 1940 1073 -1 1947 1940 1944 -1 1947 1942 1940 -1 1955 1944 1076 -1 1959 1076 1078 -1 1959 1955 1076 -1 1966 1959 1078 -1 1971 1078 1972 -1 1971 1966 1078 -1 1980 1971 1972 -1 1982 1971 1980 -1 1984 1972 1985 -1 1984 1980 1972 -1 1984 1982 1980 -1 1988 1982 1984 -1 1993 1984 1985 -1 1996 1984 1993 -1 1996 1988 1984 -1 1997 1996 1993 -1 1997 1985 1998 -1 1997 1993 1985 -1 2001 1996 1997 -1 2006 1997 1998 -1 2006 2001 1997 -1 2014 1998 2015 -1 2014 2006 1998 -1 2021 2015 2022 -1 2021 2014 2015 -1 2028 2022 2029 -1 2028 2021 2022 -1 2035 2029 2036 -1 2035 2028 2029 -1 2042 2036 2043 -1 2042 2035 2036 -1 2067 1097 1047 -1 2067 1047 1050 -1 2072 1050 1052 -1 2072 2067 1050 -1 2078 1052 1054 -1 2078 2072 1052 -1 2084 1054 1056 -1 2084 2078 1054 -1 2086 2084 1056 -1 2090 1056 1058 -1 2092 1056 2090 -1 2092 2090 1058 -1 2092 2086 1056 -1 2096 1058 1060 -1 2098 2092 1058 -1 2098 2096 1060 -1 2098 1058 2096 -1 2102 1060 1062 -1 2104 2098 1060 -1 2104 2102 1062 -1 2104 1060 2102 -1 2108 1062 1064 -1 2110 2104 1062 -1 2110 2108 1064 -1 2110 1062 2108 -1 2114 1064 1069 -1 2118 1064 2114 -1 2118 2110 1064 -1 1078 1077 2127 -1 1972 2127 2128 -1 1972 1078 2127 -1 1985 2128 2129 -1 1985 1972 2128 -1 1998 2129 2130 -1 1998 1985 2129 -1 2015 2130 2131 -1 2015 1998 2130 -1 2022 2131 2132 -1 2022 2015 2131 -1 2029 2132 2133 -1 2029 2022 2132 -1 2036 2133 2134 -1 2036 2029 2133 -1 2043 2036 2134 -1 2063 2134 2135 -1 2063 2043 2134 -1 2065 2135 2136 -1 2065 2063 2135 -1 2064 2065 2136 -1 2066 2136 2137 -1 2066 2064 2136 -1 1079 2137 2138 -1 1079 1081 2066 -1 1079 2066 2137 -1 1096 2138 1048 -1 1096 1079 2138 -1 1047 1096 1048 -1 2130 1033 1034 -1 2130 2129 1033 -1 2128 1032 1033 -1 2128 1033 2129 -1 2131 1034 1035 -1 2131 2130 1034 -1 2127 1031 1032 -1 2127 1032 2128 -1 2132 1035 1036 -1 2132 2131 1035 -1 1077 1030 1031 -1 1077 1031 2127 -1 2133 1036 1037 -1 2133 2132 1036 -1 1074 2139 1030 -1 1074 1030 1077 -1 2134 1037 1038 -1 2134 2133 1037 -1 1072 2140 2139 -1 1072 2139 1074 -1 2135 1038 1039 -1 2135 2134 1038 -1 1068 2141 2140 -1 1068 2140 1072 -1 1040 2136 2135 -1 1040 2135 1039 -1 1066 2141 1068 -1 2142 2141 1066 -1 2137 2136 1040 -1 1041 2137 1040 -1 1063 2142 1066 -1 2143 2142 1063 -1 1043 2137 1041 -1 1043 2138 2137 -1 2144 2143 1063 -1 2144 1063 1061 -1 1045 2138 1043 -1 1045 1048 2138 -1 1059 2144 1061 -1 2145 2144 1059 -1 2146 1049 1048 -1 2146 1048 1045 -1 2147 1059 1057 -1 2147 2145 1059 -1 1055 2147 1057 -1 2148 1051 1049 -1 2148 1049 2146 -1 2149 2147 1055 -1 2150 1053 1051 -1 2150 1055 1053 -1 2150 1051 2148 -1 2150 2149 1055 -1 1046 1917 1045 -1 1045 1917 2146 -1 2146 1916 2148 -1 1917 1916 2146 -1 2148 1915 2150 -1 1916 1915 2148 -1 2150 1914 2149 -1 1915 1914 2150 -1 2149 1913 2147 -1 1914 1913 2149 -1 2147 1912 2145 -1 1913 1912 2147 -1 2145 1911 2144 -1 1912 1911 2145 -1 2144 1910 2143 -1 1911 1910 2144 -1 2143 1909 2142 -1 1910 1909 2143 -1 2142 1908 2141 -1 1909 1908 2142 -1 2141 49 2140 -1 1908 49 2141 -1 2140 63 2139 -1 49 63 2140 -1 2139 62 1030 -1 63 62 2139 -1 62 59 1030 -1 1551 1554 1546 -1 1546 1554 1544 -1 1554 1558 1544 -1 1554 1555 1558 -1 1557 1552 1541 -1 1541 1552 1542 -1 1552 1549 1542 -1 1553 1552 1557 -1 1554 1551 1549 -1 1554 1549 1552 -1 1543 2159 1540 -1 1543 1548 2159 -1 1548 2160 2159 -1 1545 2161 1547 -1 2162 1550 2161 -1 2161 1550 1547 -1 1540 2161 1545 -1 2159 2161 1540 -1 1550 2162 1548 -1 1548 2162 2160 -1 2162 2159 2160 -1 2161 2159 2162 -1 2163 2164 1584 -1 1584 2164 1588 -1 2163 2165 2164 -1 2163 2166 2165 -1 2167 2168 2163 -1 2163 2168 2166 -1 2167 2169 2168 -1 2164 2170 1588 -1 1588 2170 1586 -1 1586 2171 2172 -1 2170 2171 1586 -1 2173 2171 2170 -1 2165 2174 2164 -1 2164 2174 2170 -1 2170 2174 2173 -1 2166 2175 2165 -1 2176 2177 2178 -1 2174 2179 2173 -1 2179 2180 2173 -1 2181 2182 2176 -1 2177 2182 2183 -1 2176 2182 2177 -1 2169 2184 2168 -1 2180 2185 2173 -1 2186 2185 2180 -1 2185 2187 2173 -1 2181 2188 2182 -1 2189 2188 2181 -1 2172 2190 2191 -1 2173 2190 2171 -1 2171 2190 2172 -1 2187 2190 2173 -1 2192 2193 2169 -1 2189 2193 2188 -1 2169 2193 2184 -1 2184 2193 2189 -1 2194 2195 2196 -1 2196 2197 2194 -1 2198 2197 2196 -1 2194 2197 2199 -1 2200 2201 2193 -1 2197 2201 2199 -1 2199 2201 2200 -1 2191 2202 2203 -1 2204 2205 2192 -1 2193 2205 2200 -1 2192 2205 2193 -1 2206 2207 2166 -1 2206 2208 2207 -1 2168 2209 2166 -1 2166 2209 2206 -1 2184 2209 2168 -1 2210 2211 2212 -1 2176 2213 2181 -1 2208 2213 2176 -1 2181 2213 2189 -1 2184 2213 2209 -1 2209 2213 2206 -1 2206 2213 2208 -1 2189 2213 2184 -1 2211 2214 2179 -1 2179 2214 2180 -1 2215 2216 2217 -1 2186 2216 2215 -1 2218 2216 2214 -1 2214 2216 2180 -1 2180 2216 2186 -1 2218 2219 2216 -1 2216 2219 2217 -1 2217 2220 2221 -1 2182 2220 2183 -1 2188 2220 2182 -1 2221 2220 2222 -1 2183 2220 2223 -1 2219 2220 2217 -1 2215 2224 2186 -1 2225 2224 2215 -1 2186 2224 2185 -1 2225 2226 2221 -1 2221 2226 2217 -1 2225 2227 2224 -1 2224 2227 2228 -1 2185 2229 2187 -1 2224 2229 2185 -1 2228 2229 2224 -1 2229 2230 2187 -1 2193 2231 2188 -1 2220 2231 2222 -1 2201 2231 2193 -1 2222 2231 2201 -1 2188 2231 2220 -1 2221 2232 2225 -1 2198 2232 2197 -1 2197 2232 2201 -1 2222 2232 2221 -1 2201 2232 2222 -1 2233 2232 2198 -1 2225 2232 2227 -1 2230 2234 2235 -1 2236 2237 2238 -1 2203 2237 2236 -1 2194 2239 2238 -1 2238 2239 2236 -1 2205 2239 2200 -1 2199 2239 2194 -1 2200 2239 2199 -1 2203 2240 2204 -1 2205 2240 2239 -1 2204 2240 2205 -1 2236 2240 2203 -1 2239 2240 2236 -1 2175 2241 2165 -1 2165 2241 2174 -1 2179 2241 2211 -1 2174 2241 2179 -1 2211 2241 2212 -1 2207 2242 2166 -1 2207 2243 2242 -1 2208 2243 2207 -1 2212 2244 2210 -1 2178 2245 2246 -1 2177 2245 2178 -1 2247 2248 2211 -1 2248 2249 2211 -1 2211 2249 2214 -1 2248 2250 2249 -1 2249 2251 2214 -1 2214 2251 2218 -1 2218 2252 2219 -1 2251 2252 2218 -1 2220 2252 2223 -1 2219 2252 2220 -1 2217 2253 2215 -1 2215 2253 2225 -1 2226 2253 2217 -1 2225 2253 2226 -1 2233 2254 2232 -1 2232 2254 2227 -1 2227 2254 2228 -1 2254 2255 2228 -1 2228 2255 2229 -1 2229 2256 2230 -1 2255 2256 2229 -1 2256 2257 2230 -1 2258 2257 2256 -1 2257 2259 2230 -1 2190 2260 2191 -1 2187 2260 2190 -1 2191 2260 2202 -1 2230 2260 2187 -1 2235 2260 2230 -1 2234 2261 2235 -1 2262 2263 2195 -1 2195 2263 2196 -1 2237 2264 2238 -1 2203 2265 2237 -1 2237 2265 2264 -1 2241 2266 2212 -1 2212 2266 2267 -1 2175 2266 2241 -1 2166 2268 2175 -1 2175 2268 2243 -1 2242 2268 2166 -1 2243 2268 2242 -1 2176 2269 2208 -1 2176 2270 2269 -1 2178 2270 2176 -1 2244 2271 2210 -1 2245 2271 2246 -1 2246 2271 2244 -1 2271 2272 2210 -1 2245 2272 2271 -1 2177 2272 2245 -1 2210 2272 2177 -1 2210 2273 2211 -1 2177 2273 2210 -1 2211 2273 2247 -1 2183 2274 2275 -1 2223 2274 2183 -1 2223 2276 2274 -1 2249 2277 2251 -1 2250 2277 2249 -1 2276 2277 2250 -1 2251 2277 2252 -1 2254 2278 2255 -1 2256 2278 2258 -1 2255 2278 2256 -1 2278 2279 2258 -1 2233 2280 2279 -1 2198 2280 2233 -1 2198 2281 2280 -1 2234 2282 2196 -1 2230 2282 2234 -1 2259 2282 2230 -1 2196 2283 2234 -1 2263 2283 2196 -1 2261 2284 2262 -1 2263 2284 2283 -1 2234 2284 2261 -1 2283 2284 2234 -1 2262 2284 2263 -1 2194 2285 2195 -1 2260 2286 2202 -1 2235 2286 2260 -1 2287 2286 2235 -1 2288 2289 2290 -1 2290 2289 2238 -1 2238 2289 2194 -1 2194 2289 2285 -1 2264 2291 2202 -1 2203 2291 2265 -1 2202 2291 2203 -1 2265 2291 2264 -1 2266 2292 2267 -1 2269 2293 2267 -1 2270 2293 2269 -1 2178 2294 2270 -1 2246 2294 2178 -1 2244 2294 2246 -1 2273 2295 2247 -1 2177 2296 2273 -1 2275 2296 2183 -1 2273 2296 2295 -1 2295 2296 2275 -1 2183 2296 2177 -1 2295 2297 2247 -1 2274 2297 2275 -1 2247 2297 2248 -1 2275 2297 2295 -1 2248 2298 2250 -1 2297 2298 2248 -1 2276 2299 2274 -1 2250 2299 2276 -1 2298 2299 2250 -1 2223 2300 2276 -1 2276 2300 2277 -1 2277 2300 2252 -1 2252 2300 2223 -1 2279 2301 2233 -1 2278 2301 2279 -1 2254 2301 2278 -1 2233 2301 2254 -1 2279 2302 2258 -1 2280 2302 2279 -1 2302 2303 2258 -1 2258 2303 2257 -1 2303 2304 2257 -1 2281 2304 2280 -1 2257 2304 2259 -1 2281 2305 2304 -1 2304 2305 2259 -1 2259 2305 2282 -1 2305 2306 2282 -1 2281 2306 2305 -1 2196 2306 2198 -1 2282 2306 2196 -1 2198 2306 2281 -1 2262 2307 2261 -1 2195 2307 2262 -1 2285 2307 2195 -1 2285 2308 2309 -1 2309 2308 2287 -1 2288 2308 2289 -1 2287 2308 2288 -1 2289 2308 2285 -1 2287 2310 2286 -1 2175 2311 2266 -1 2243 2311 2175 -1 2266 2311 2292 -1 2311 2312 2292 -1 2292 2313 2267 -1 2267 2313 2269 -1 2312 2313 2292 -1 2293 2314 2267 -1 2212 2314 2244 -1 2267 2314 2212 -1 2244 2314 2294 -1 2274 2315 2297 -1 2297 2315 2298 -1 2299 2315 2274 -1 2298 2315 2299 -1 2302 2316 2303 -1 2304 2316 2280 -1 2280 2316 2302 -1 2303 2316 2304 -1 2287 2317 2309 -1 2261 2317 2235 -1 2307 2317 2261 -1 2235 2317 2287 -1 2287 2318 2310 -1 2288 2318 2287 -1 2318 2319 2310 -1 2310 2320 2286 -1 2286 2320 2202 -1 2202 2320 2264 -1 2319 2320 2310 -1 2243 2321 2311 -1 2311 2321 2312 -1 2208 2321 2243 -1 2321 2322 2312 -1 2208 2322 2321 -1 2313 2323 2269 -1 2312 2323 2313 -1 2269 2323 2208 -1 2322 2323 2312 -1 2208 2323 2322 -1 2314 2324 2294 -1 2294 2324 2270 -1 2270 2324 2293 -1 2293 2324 2314 -1 2285 2325 2307 -1 2309 2325 2285 -1 2317 2325 2309 -1 2307 2325 2317 -1 2290 2326 2288 -1 2288 2326 2318 -1 2318 2326 2319 -1 2326 2327 2319 -1 2290 2327 2326 -1 2238 2328 2290 -1 2320 2328 2264 -1 2319 2328 2320 -1 2327 2328 2319 -1 2290 2328 2327 -1 2264 2328 2238 -1 1584 2167 2163 -1 1583 2329 1584 -1 1584 2329 2167 -1 1583 2330 2329 -1 2172 1583 1586 -1 2191 2330 2172 -1 2203 2330 2191 -1 2204 2330 2203 -1 2172 2330 1583 -1 2192 2329 2204 -1 2204 2329 2330 -1 2329 2192 2331 -1 2329 2331 2332 -1 2331 2192 2169 -1 2331 2169 2333 -1 2334 2169 2167 -1 2333 2169 2334 -1 2329 2332 2167 -1 2167 2332 2334 -1 2331 2334 2332 -1 2331 2333 2334 -1 862 869 866 -1 866 868 865 -1 869 868 866 -1 865 1003 864 -1 868 1003 865 -1 864 986 860 -1 1003 986 864 -1 860 973 859 -1 986 973 860 -1 859 961 858 -1 973 961 859 -1 858 947 857 -1 961 947 858 -1 857 933 856 -1 947 933 857 -1 856 919 854 -1 933 919 856 -1 854 906 855 -1 919 906 854 -1 855 899 330 -1 906 899 855 -1 330 892 343 -1 899 892 330 -1 343 877 342 -1 892 877 343 -1 342 876 337 -1 877 876 342 -1 878 1018 876 -1 886 1616 884 -1 890 1616 886 -1 889 1616 890 -1 2335 867 869 -1 2335 869 1029 -1 2336 1011 867 -1 2336 867 2335 -1 2336 2335 1029 -1 2337 1014 1011 -1 2337 1011 2336 -1 2337 2336 1029 -1 2338 872 1014 -1 2338 1014 2337 -1 2339 870 872 -1 2339 872 2338 -1 2340 873 870 -1 2340 874 873 -1 2340 1609 874 -1 2340 870 2339 -1 2341 1029 1028 -1 2342 2337 1029 -1 2342 1029 2341 -1 2342 2341 1028 -1 2343 2337 2342 -1 2343 2342 1028 -1 2343 2338 2337 -1 2344 2338 2343 -1 2344 2339 2338 -1 2345 2340 2339 -1 2345 1607 1609 -1 2345 1609 2340 -1 2345 2339 2344 -1 2346 1028 1027 -1 2347 2346 1027 -1 2347 1028 2346 -1 2348 1028 2347 -1 2348 2343 1028 -1 2348 2347 1027 -1 2349 2344 2343 -1 2349 2343 2348 -1 2349 2348 1027 -1 2350 1607 2345 -1 2350 1604 1607 -1 2350 2345 2344 -1 2350 2344 2349 -1 2351 1027 1026 -1 2352 1027 2351 -1 2353 2351 1026 -1 2354 1027 2352 -1 2354 2349 1027 -1 2355 2351 2353 -1 2356 2350 2349 -1 2356 2349 2354 -1 2356 1605 1604 -1 2356 1604 2350 -1 2357 2351 2355 -1 2358 2351 2357 -1 2358 2352 2351 -1 2359 2354 2352 -1 2359 2352 2358 -1 2360 1606 1605 -1 2360 2354 2359 -1 2360 1605 2356 -1 2360 2356 2354 -1 2361 1026 1025 -1 2361 2353 1026 -1 2362 2355 2353 -1 2362 2353 2361 -1 2363 2357 2355 -1 2363 2355 2362 -1 2364 2358 2357 -1 2364 2357 2363 -1 2365 2359 2358 -1 2365 2358 2364 -1 2366 2361 1025 -1 2367 1606 2360 -1 2367 2360 2359 -1 2367 2359 2365 -1 2368 2362 2361 -1 2368 2363 2362 -1 2368 2361 2366 -1 2369 2363 2368 -1 2370 2364 2363 -1 2370 2365 2364 -1 2370 2363 2369 -1 2371 2365 2370 -1 2372 1608 1606 -1 2372 1606 2367 -1 2372 2367 2365 -1 2372 2365 2371 -1 2373 1025 1024 -1 2373 2366 1025 -1 2373 2368 2366 -1 2374 2368 2373 -1 2375 2369 2368 -1 2375 2368 2374 -1 2376 2370 2369 -1 2376 2369 2375 -1 2377 2370 2376 -1 2377 2371 2370 -1 2378 2371 2377 -1 2378 1608 2372 -1 2378 2372 2371 -1 2379 2373 1024 -1 2380 2373 2379 -1 2380 2374 2373 -1 2381 2375 2374 -1 2381 2376 2375 -1 2381 2374 2380 -1 2382 2376 2381 -1 2382 2377 2376 -1 2383 2377 2382 -1 2383 2378 2377 -1 2384 1608 2378 -1 2384 1610 1608 -1 2384 2378 2383 -1 2385 1024 1023 -1 2385 2379 1024 -1 2386 2379 2385 -1 2386 2380 2379 -1 2387 2380 2386 -1 2387 2381 2380 -1 2388 2382 2381 -1 2388 2381 2387 -1 2389 2383 2382 -1 2389 2382 2388 -1 2390 2384 2383 -1 2390 1610 2384 -1 2390 2383 2389 -1 2391 2385 1023 -1 2392 2386 2385 -1 2392 2385 2391 -1 2393 2387 2386 -1 2393 2386 2392 -1 2394 2388 2387 -1 2394 2387 2393 -1 2395 2389 2388 -1 2395 2390 2389 -1 2395 2388 2394 -1 2396 1610 2390 -1 2396 1611 1610 -1 2396 2390 2395 -1 2397 1023 1022 -1 2397 2391 1023 -1 2398 2392 2391 -1 2398 2391 2397 -1 2399 2393 2392 -1 2399 2394 2393 -1 2399 2392 2398 -1 2400 2395 2394 -1 2400 2394 2399 -1 2401 2395 2400 -1 2402 1611 2396 -1 2402 2396 2395 -1 2402 2395 2401 -1 2403 2397 1022 -1 2404 2398 2397 -1 2404 2397 2403 -1 2405 2398 2404 -1 2405 2399 2398 -1 2405 2400 2399 -1 2406 2401 2400 -1 2406 2400 2405 -1 2407 2401 2406 -1 2408 1022 1021 -1 2408 2403 1022 -1 2409 1612 1611 -1 2409 1611 2402 -1 2409 2402 2401 -1 2409 2401 2407 -1 2410 2403 2408 -1 2410 2404 2403 -1 2410 2405 2404 -1 2411 2405 2410 -1 2411 2406 2405 -1 2412 2406 2411 -1 2413 2406 2412 -1 2413 2407 2406 -1 2414 2409 2407 -1 2414 2407 2413 -1 2414 1612 2409 -1 2415 2408 1021 -1 2416 2408 2415 -1 2416 2410 2408 -1 2417 2411 2410 -1 2417 2410 2416 -1 2418 2411 2417 -1 2418 2412 2411 -1 2419 1021 1020 -1 2419 2415 1021 -1 2420 2413 2412 -1 2420 2412 2418 -1 2421 2416 2415 -1 2421 2415 2419 -1 2421 2417 2416 -1 2422 2413 2420 -1 2422 2414 2413 -1 2422 1612 2414 -1 2422 1613 1612 -1 2423 2418 2417 -1 2423 2417 2421 -1 2424 2418 2423 -1 2425 2420 2418 -1 2425 2418 2424 -1 2426 2422 2420 -1 2426 1613 2422 -1 2426 2420 2425 -1 2427 2419 1020 -1 2428 2421 2419 -1 2428 2423 2421 -1 2428 2419 2427 -1 2429 2428 1614 -1 2429 2423 2428 -1 2430 2424 2423 -1 2430 2429 1614 -1 2430 2423 2429 -1 2431 2425 2424 -1 2431 2426 2425 -1 2431 2430 1614 -1 2431 2424 2430 -1 2432 1614 1613 -1 2432 2431 1614 -1 2432 1613 2426 -1 2432 2426 2431 -1 2433 1019 1018 -1 2433 1020 1019 -1 2433 2427 1020 -1 2434 1614 2428 -1 2434 2428 2427 -1 2434 2427 2433 -1 2435 1614 2434 -1 2436 2435 1615 -1 2436 1614 2435 -1 2437 2436 1615 -1 2437 1614 2436 -1 2438 1615 1614 -1 2438 2437 1615 -1 2438 1614 2437 -1 2439 2433 1018 -1 2439 1018 878 -1 2439 878 880 -1 2439 2434 2433 -1 2440 2439 880 -1 2440 2434 2439 -1 2441 880 882 -1 2441 882 884 -1 2441 1615 2435 -1 2441 2435 2434 -1 2441 2440 880 -1 2441 2434 2440 -1 2442 1615 2441 -1 2442 884 1616 -1 2442 2441 884 -1 2443 1615 2442 -1 2443 2442 1616 -1 2444 2443 1616 -1 2444 1615 2443 -1 2444 1616 1615 -1 654 18 17 -1 740 2445 2446 -1 2447 748 740 -1 2447 740 2446 -1 755 748 2447 -1 2448 755 2447 -1 2449 755 2448 -1 763 755 2449 -1 2450 763 2449 -1 769 763 2450 -1 775 769 2450 -1 2451 775 2450 -1 780 775 2451 -1 2 1 721 -1 740 654 2445 -1 787 780 2452 -1 790 787 2453 -1 799 790 2454 -1 805 799 579 -1 814 810 577 -1 721 814 575 -1 2454 579 799 -1 2453 2454 790 -1 2452 2453 787 -1 2451 2452 780 -1 17 2445 654 -1 575 2 721 -1 577 575 814 -1 579 577 805 -1 805 577 810 -1 2477 2478 608 -1 2477 608 606 -1 2479 2478 2477 -1 2481 606 609 -1 2481 2477 606 -1 2484 2477 2481 -1 2484 2479 2477 -1 2492 2481 609 -1 2495 2481 2492 -1 2496 609 611 -1 2496 2492 609 -1 2499 2492 2496 -1 2499 2495 2492 -1 2503 2496 611 -1 2508 611 2509 -1 2508 2503 611 -1 2517 2508 2509 -1 2521 2509 2522 -1 2521 2517 2509 -1 2525 2517 2521 -1 2530 2521 2522 -1 2533 2521 2530 -1 2533 2525 2521 -1 2534 2522 2535 -1 2534 2530 2522 -1 2538 2530 2534 -1 2538 2533 2530 -1 2543 2534 2535 -1 2543 2538 2534 -1 2546 2538 2543 -1 2551 2535 2552 -1 2551 2543 2535 -1 2554 2543 2551 -1 2554 2546 2543 -1 2558 2552 2559 -1 2558 2551 2552 -1 2561 2554 2551 -1 2561 2551 2558 -1 2565 2559 2566 -1 2565 2558 2559 -1 2572 2566 2573 -1 2572 2565 2566 -1 2575 2565 2572 -1 2579 2572 2573 -1 2579 2573 2580 -1 2582 2575 2572 -1 2582 2579 2580 -1 2582 2572 2579 -1 2586 2580 2587 -1 2591 2580 2586 -1 2591 2582 2580 -1 2604 630 580 -1 2604 580 583 -1 2609 583 585 -1 2609 2604 583 -1 2611 2604 2609 -1 2615 585 587 -1 2615 2609 585 -1 2617 2609 2615 -1 2617 2611 2609 -1 2621 587 589 -1 2621 2615 587 -1 2623 2621 589 -1 2623 2615 2621 -1 2623 2617 2615 -1 2627 589 591 -1 2629 589 2627 -1 2629 2627 591 -1 2629 2623 589 -1 2633 591 593 -1 2635 2629 591 -1 2635 2633 593 -1 2635 591 2633 -1 2639 593 595 -1 2641 2635 593 -1 2641 2639 595 -1 2641 593 2639 -1 2645 595 597 -1 2647 2641 595 -1 2647 2645 597 -1 2647 595 2645 -1 2651 597 602 -1 2655 597 2651 -1 2655 2647 597 -1 611 610 2664 -1 2509 2664 2665 -1 2509 611 2664 -1 2522 2665 2666 -1 2522 2509 2665 -1 2535 2666 2667 -1 2535 2522 2666 -1 2552 2667 2668 -1 2552 2535 2667 -1 2559 2668 2669 -1 2559 2552 2668 -1 2566 2669 2670 -1 2566 2559 2669 -1 2573 2670 2671 -1 2573 2566 2670 -1 2580 2573 2671 -1 2600 2671 2672 -1 2600 2580 2671 -1 2602 2672 2673 -1 2602 2600 2672 -1 2587 2580 2600 -1 2601 2602 2673 -1 2603 2673 2674 -1 2603 2601 2673 -1 612 2674 2675 -1 612 614 2603 -1 612 2603 2674 -1 629 2675 581 -1 629 612 2675 -1 580 629 581 -1 2667 566 567 -1 2667 2666 566 -1 2665 565 566 -1 2665 566 2666 -1 2668 567 568 -1 2668 2667 567 -1 2664 564 565 -1 2664 565 2665 -1 2669 568 569 -1 2669 2668 568 -1 610 563 564 -1 610 564 2664 -1 2670 569 570 -1 2670 2669 569 -1 607 2676 563 -1 607 563 610 -1 2671 570 571 -1 2671 2670 570 -1 605 2677 2676 -1 605 2676 607 -1 2672 571 572 -1 2672 2671 571 -1 601 2678 2677 -1 601 2677 605 -1 573 2673 2672 -1 573 2672 572 -1 599 2678 601 -1 2679 2678 599 -1 2674 2673 573 -1 574 2674 573 -1 596 2679 599 -1 2680 2679 596 -1 576 2674 574 -1 576 2675 2674 -1 2681 2680 596 -1 2681 596 594 -1 578 2675 576 -1 578 581 2675 -1 592 2681 594 -1 2682 2681 592 -1 2683 582 581 -1 2683 581 578 -1 2684 592 590 -1 2684 2682 592 -1 588 2684 590 -1 2685 584 582 -1 2685 582 2683 -1 2686 2684 588 -1 2687 586 584 -1 2687 588 586 -1 2687 584 2685 -1 2687 2686 588 -1 579 2454 578 -1 578 2454 2683 -1 2683 2453 2685 -1 2454 2453 2683 -1 2685 2452 2687 -1 2453 2452 2685 -1 2687 2451 2686 -1 2452 2451 2687 -1 2686 2450 2684 -1 2451 2450 2686 -1 2684 2449 2682 -1 2450 2449 2684 -1 2682 2448 2681 -1 2449 2448 2682 -1 2681 2447 2680 -1 2448 2447 2681 -1 2680 2446 2679 -1 2447 2446 2680 -1 2679 2445 2678 -1 2446 2445 2679 -1 2678 17 2677 -1 2445 17 2678 -1 2677 31 2676 -1 17 31 2677 -1 2676 30 563 -1 31 30 2676 -1 30 27 563 -1 1525 1528 1520 -1 1520 1528 1518 -1 1528 1560 1518 -1 1528 1529 1560 -1 1559 1526 1515 -1 1515 1526 1516 -1 1526 1523 1516 -1 1527 1526 1559 -1 1528 1525 1523 -1 1528 1523 1526 -1 1517 2696 1514 -1 1517 1522 2696 -1 1522 2697 2696 -1 1519 2698 1521 -1 2699 1524 2698 -1 2698 1524 1521 -1 1514 2698 1519 -1 2696 2698 1514 -1 1524 2699 1522 -1 1522 2699 2697 -1 2699 2696 2697 -1 2698 2696 2699 -1 "
						                >
							<Coordinate DEF="coords_ME_Unnamed-Solid"
							            point="1.741949 8.050000 0.462005 1.910109 8.050000 0.619256 1.909724 8.050001 0.619641 1.603493 8.050000 0.255301 1.736446 8.050001 0.456372 1.604404 8.050001 0.258264 1.520386 8.050001 0.035502 1.521376 8.050000 0.037219 1.489400 8.050000 -0.193953 1.488711 8.050001 -0.200461 1.511009 8.050001 -0.437494 1.513293 8.050000 -0.445566 1.586133 8.050001 -0.663411 1.589316 8.050000 -0.668943 1.701851 8.050000 -0.854816 1.710220 8.050001 -0.866596 1.850147 8.050000 -1.013441 3.167286 8.050001 -1.062185 3.166901 8.050000 -1.061800 3.040046 8.050000 -1.143131 2.023805 8.050000 -1.135850 1.876891 8.050001 -1.036604 2.210273 8.050000 -1.218083 2.077577 8.050001 -1.164694 2.397457 8.050000 -1.261211 2.301960 8.050001 -1.244280 2.575685 8.050000 -1.270074 2.538505 8.050001 -1.271272 2.882726 8.050000 -1.212675 2.738539 8.050000 -1.251493 2.761511 8.050001 -1.247317 2.974342 8.050001 -1.176545 -0.798051 8.050000 0.462005 -0.629891 8.050000 0.619256 -0.630276 8.050001 0.619641 -0.936507 8.050000 0.255301 -0.803554 8.050001 0.456372 -0.935596 8.050001 0.258264 -1.019614 8.050001 0.035502 -1.018624 8.050000 0.037219 -1.050601 8.050000 -0.193953 -1.051289 8.050001 -0.200461 -1.028991 8.050001 -0.437494 -1.026708 8.050000 -0.445566 -0.953867 8.050001 -0.663411 -0.950684 8.050000 -0.668943 -0.838149 8.050000 -0.854816 -0.829780 8.050001 -0.866596 -0.689853 8.050000 -1.013441 0.627286 8.050001 -1.062185 0.626901 8.050000 -1.061800 0.500046 8.050000 -1.143131 -0.516195 8.050000 -1.135850 -0.663109 8.050001 -1.036604 -0.329728 8.050000 -1.218083 -0.462423 8.050001 -1.164694 -0.142543 8.050000 -1.261211 -0.238040 8.050001 -1.244280 0.035685 8.050000 -1.270074 -0.001495 8.050001 -1.271272 0.342726 8.050000 -1.212675 0.198539 8.050000 -1.251493 0.221511 8.050001 -1.247317 0.434342 8.050001 -1.176545 -0.798051 8.350000 0.462005 -0.630276 8.349999 0.619641 -0.629891 8.350000 0.619256 -0.936507 8.350000 0.255301 -0.935596 8.349999 0.258264 -0.803554 8.349999 0.456372 -1.019614 8.349999 0.035502 -1.018624 8.350000 0.037219 -1.050601 8.350000 -0.193953 -1.051289 8.349999 -0.200461 -1.028991 8.349999 -0.437494 -1.026708 8.350000 -0.445566 -0.953867 8.349999 -0.663411 -0.950684 8.350000 -0.668943 -0.838149 8.350000 -0.854816 -0.829780 8.349999 -0.866596 -0.689853 8.350000 -1.013441 0.626901 8.350000 -1.061800 0.627286 8.349999 -1.062185 0.500046 8.350000 -1.143131 -0.663109 8.349999 -1.036604 -0.462423 8.349999 -1.164694 -0.516195 8.350000 -1.135850 -0.238040 8.349999 -1.244280 -0.329728 8.350000 -1.218083 -0.001495 8.349999 -1.271272 -0.142543 8.350000 -1.261211 0.035685 8.350000 -1.270074 0.198539 8.350000 -1.251493 0.342726 8.350000 -1.212675 0.221511 8.349999 -1.247317 0.434342 8.349999 -1.176545 -0.671812 8.339764 0.514846 -0.611304 8.347679 0.600669 -0.590285 8.339150 0.579650 -0.661978 8.334146 0.506879 -0.568044 8.321860 0.557409 -0.653031 8.327736 0.499630 -0.645015 8.320780 0.493136 -0.549020 8.297056 0.538386 -0.534988 8.266984 0.524353 -0.526708 8.234736 0.516073 -0.622307 8.201092 0.432076 -0.523850 8.203274 0.513215 -0.525744 8.171593 0.515109 -0.643387 8.080792 0.491817 -0.532143 8.141769 0.521508 -0.542259 8.115495 0.531624 -0.554987 8.093799 0.544352 -0.569172 8.077010 0.558537 -0.651380 8.073596 0.498293 -0.659436 8.067542 0.504819 -0.583810 8.064896 0.573175 -0.667449 8.062557 0.511311 -0.675335 8.058554 0.517700 -0.598146 8.056876 0.587511 -0.614878 8.051510 0.604243 -0.741036 8.110000 0.344027 -0.735538 8.200000 0.301647 -0.671409 8.200000 0.381620 -0.794501 8.200000 0.206985 -0.783425 8.290000 0.283772 -0.851955 8.110000 0.157149 -0.835994 8.200000 0.119131 -0.869457 8.200000 0.021431 -0.877660 8.290000 0.093083 -0.901633 8.200000 -0.176385 -0.925541 8.290000 -0.108920 -0.890688 8.200000 -0.074308 -0.931803 8.110000 -0.253061 -0.900617 8.200000 -0.283260 -0.886260 8.200000 -0.392893 -0.926230 8.290000 -0.327803 -0.898340 8.110000 -0.470578 -0.861629 8.200000 -0.490404 -0.825554 8.200000 -0.586223 -0.877084 8.290000 -0.537226 -0.822311 8.290000 -0.660299 -0.783464 8.200000 -0.669365 -0.789993 8.110000 -0.715998 -0.732736 8.200000 -0.748101 -0.714037 8.110000 -0.820245 -0.674131 8.200000 -0.821125 -0.608659 8.200000 -0.887316 -0.670948 8.290000 -0.868046 -0.576266 8.290000 -0.953476 -0.537528 8.200000 -0.945794 -0.462068 8.200000 -0.995956 -0.418997 8.290000 -1.053243 -0.525458 8.110000 -0.990653 -0.383659 8.200000 -1.037491 -0.303659 8.200000 -1.070365 -0.253433 8.290000 -1.117381 -0.364188 8.110000 -1.078557 -0.223338 8.200000 -1.094798 -0.198227 8.110000 -1.131096 -0.143835 8.200000 -1.111217 -0.089771 8.110000 -1.147928 -0.066124 8.200000 -1.120208 0.008999 8.200000 -1.122467 -0.037062 8.290000 -1.151443 0.112525 8.290000 -1.145113 0.080920 8.200000 -1.118752 0.064246 8.110000 -1.149799 0.149195 8.200000 -1.109841 0.246626 8.290000 -1.118445 0.213533 8.200000 -1.096501 0.203781 8.110000 -1.129207 0.273778 8.200000 -1.079461 0.337585 8.290000 -1.088168 0.345413 8.200000 -1.053088 0.531312 8.339764 -1.062290 0.608314 8.347679 -1.043213 0.587295 8.339150 -1.022194 0.523005 8.334146 -1.052741 0.565054 8.321860 -0.999953 0.515447 8.327736 -1.044053 0.508676 8.320780 -1.036270 0.546030 8.297056 -0.980929 0.384448 8.110000 -1.068344 0.410264 8.200000 -1.022968 0.449863 8.201092 -1.001365 0.522754 8.171593 -0.957653 0.520860 8.203274 -0.955759 0.529153 8.141769 -0.964052 0.507301 8.080792 -1.034689 0.539269 8.115495 -0.974168 0.551997 8.093799 -0.986896 0.566182 8.077010 -1.001081 0.514053 8.073596 -1.042451 0.520858 8.067542 -1.050273 0.580820 8.064896 -1.015719 0.527626 8.062557 -1.058053 0.595156 8.056876 -1.030055 0.611888 8.051510 -1.046786 -0.696576 8.320261 0.442076 -0.722065 8.320000 0.413774 -0.795989 8.338462 0.373395 -0.743383 8.311340 0.372249 -0.696002 8.080262 0.441678 -0.861679 8.338462 0.273634 -0.722065 8.080000 0.413774 -0.728361 8.088660 0.390553 -0.828395 8.311340 0.246595 -0.851303 8.320000 0.226312 -0.912219 8.338462 0.172975 -0.772868 8.061539 0.403093 -0.861329 8.311340 0.182894 -0.950690 8.338462 0.068343 -0.815026 8.088660 0.269475 -0.840528 8.061539 0.308702 -0.851303 8.080000 0.226312 -0.851503 8.088660 0.203170 -0.976922 8.338462 -0.038542 -0.897460 8.061539 0.205455 -0.991256 8.338462 -0.149011 -0.938931 8.061539 0.104399 -0.992918 8.338462 -0.265196 -0.969650 8.061539 -0.003271 -0.980291 8.338462 -0.385003 -0.987797 8.061539 -0.111465 -0.914649 8.110000 -0.040626 -0.954898 8.338462 -0.496721 -0.993879 8.061539 -0.225950 -0.917732 8.338462 -0.602531 -0.887726 8.338462 -0.667862 -0.986170 8.061539 -0.344816 -0.836746 8.338462 -0.757186 -0.964488 8.061539 -0.461048 -0.754648 8.338462 -0.867499 -0.885608 8.088660 -0.569134 -0.931519 8.061539 -0.567543 -0.875606 8.080000 -0.619311 -0.847936 8.088660 -0.652783 -0.683776 8.338462 -0.941925 -0.632794 8.338462 -0.986981 -0.871800 8.061539 -0.698155 -0.551773 8.338462 -1.047131 -0.817671 8.061539 -0.785811 -0.776585 8.061539 -0.841017 -0.466634 8.338462 -1.097910 -0.708197 8.061539 -0.917994 -0.378902 8.338462 -1.139102 -0.290043 8.338462 -1.170792 -0.606338 8.061539 -1.008046 -0.201410 8.338462 -1.193323 -0.523775 8.061539 -1.065115 -0.437604 8.061539 -1.112708 -0.085608 8.338462 -1.210096 -0.349337 8.061539 -1.150710 -0.001788 8.338462 -1.213667 -0.260411 8.061539 -1.179296 0.078604 8.338462 -1.210429 -0.172126 8.061539 -1.198888 0.155032 8.338462 -1.201245 -0.114189 8.061539 -1.207248 0.227136 8.338462 -1.186972 -0.029379 8.061539 -1.213275 0.294707 8.338462 -1.168432 0.052225 8.061539 -1.212212 0.343198 8.338462 -1.151882 0.130023 8.061539 -1.204914 0.419081 8.338462 -1.120140 0.203597 8.061539 -1.192243 0.410493 8.311340 -1.077385 0.268910 8.088660 -1.132066 0.446177 8.320000 -1.071034 0.272694 8.061539 -1.175038 0.301357 8.080000 -1.132746 0.467751 8.320261 -1.059709 0.330878 8.088660 -1.111324 0.451544 8.271267 -1.020869 0.369336 8.061539 -1.141779 0.471135 8.271717 -1.009728 0.531998 8.266984 -0.966897 0.523718 8.234736 -0.958617 0.442706 8.061539 -1.108703 -0.648664 8.130093 0.430232 -0.894306 8.290000 0.042115 -0.921223 8.311340 0.016981 -0.907494 8.290000 -0.007613 -0.871587 8.110000 0.109522 -0.865915 8.136471 0.079283 -0.914649 8.290000 -0.040626 -0.889031 8.110000 0.059376 -0.915009 8.088660 0.039796 -0.903519 8.110000 0.008591 -0.907494 8.110000 -0.007613 -0.932333 8.290000 -0.216242 -0.931803 8.290000 -0.253061 -0.929142 8.110000 -0.144103 -0.906997 8.290000 -0.437028 -0.898340 8.290000 -0.470578 -0.921097 8.110000 -0.365552 -0.772374 8.290000 -0.743028 -0.767512 8.311340 -0.783306 -0.734361 8.290000 -0.795198 -0.714037 8.290000 -0.820245 -0.648270 8.110000 -0.890724 -0.635445 8.088660 -0.928924 -0.600880 8.110000 -0.933467 -0.576266 8.110000 -0.953476 -0.170813 8.290000 -1.136594 -0.143409 8.311340 -1.160699 -0.116552 8.290000 -1.144985 -0.089771 8.290000 -1.147928 0.417562 8.110000 -1.052461 0.447704 8.099010 -1.046796 1.741949 8.350000 0.462005 1.909724 8.349999 0.619641 1.910109 8.350000 0.619256 1.603493 8.350000 0.255301 1.604404 8.349999 0.258264 1.736446 8.349999 0.456372 1.520386 8.349999 0.035502 1.521376 8.350000 0.037219 1.489400 8.350000 -0.193953 1.488711 8.349999 -0.200461 1.511009 8.349999 -0.437494 1.513293 8.350000 -0.445566 1.586133 8.349999 -0.663411 1.589316 8.350000 -0.668943 1.701851 8.350000 -0.854816 1.710220 8.349999 -0.866596 1.850147 8.350000 -1.013441 3.166901 8.350000 -1.061800 3.167286 8.349999 -1.062185 3.040046 8.350000 -1.143131 1.876891 8.349999 -1.036604 2.077577 8.349999 -1.164694 2.023805 8.350000 -1.135850 2.301960 8.349999 -1.244280 2.210273 8.350000 -1.218083 2.538505 8.349999 -1.271272 2.397457 8.350000 -1.261211 2.575685 8.350000 -1.270074 2.738539 8.350000 -1.251493 2.882726 8.350000 -1.212675 2.761511 8.349999 -1.247317 2.974342 8.349999 -1.176545 1.868188 8.339764 0.514846 1.928696 8.347679 0.600669 1.949715 8.339150 0.579650 1.878022 8.334146 0.506879 1.971956 8.321860 0.557409 1.886969 8.327736 0.499630 1.894985 8.320780 0.493136 1.990980 8.297056 0.538386 2.005012 8.266984 0.524353 2.013292 8.234736 0.516073 1.917693 8.201092 0.432076 2.016150 8.203274 0.513215 2.014256 8.171593 0.515109 1.896613 8.080792 0.491817 2.007857 8.141769 0.521508 1.997741 8.115495 0.531624 1.985013 8.093799 0.544352 1.970828 8.077010 0.558537 1.888620 8.073596 0.498293 1.880564 8.067542 0.504819 1.956190 8.064896 0.573175 1.872551 8.062557 0.511311 1.864665 8.058554 0.517700 1.941854 8.056876 0.587511 1.925122 8.051510 0.604243 1.798964 8.110000 0.344027 1.804462 8.200000 0.301647 1.868591 8.200000 0.381620 1.745499 8.200000 0.206985 1.756575 8.290000 0.283772 1.688045 8.110000 0.157149 1.704006 8.200000 0.119131 1.670543 8.200000 0.021431 1.662340 8.290000 0.093083 1.638367 8.200000 -0.176385 1.614459 8.290000 -0.108920 1.649312 8.200000 -0.074308 1.608197 8.110000 -0.253061 1.639383 8.200000 -0.283260 1.653740 8.200000 -0.392893 1.613770 8.290000 -0.327803 1.641660 8.110000 -0.470578 1.678371 8.200000 -0.490404 1.714446 8.200000 -0.586223 1.662916 8.290000 -0.537226 1.717689 8.110000 -0.660299 1.756536 8.200000 -0.669365 1.807264 8.200000 -0.748101 1.750007 8.290000 -0.715998 1.869052 8.290000 -0.868046 1.865869 8.200000 -0.821125 1.825963 8.110000 -0.820245 1.931341 8.200000 -0.887316 2.014542 8.290000 -0.990653 2.002472 8.200000 -0.945794 1.963734 8.110000 -0.953476 2.077932 8.200000 -0.995956 2.175812 8.290000 -1.078557 2.156341 8.200000 -1.037491 2.121003 8.110000 -1.053243 2.236341 8.200000 -1.070365 2.286567 8.290000 -1.117381 2.316662 8.200000 -1.094798 2.341773 8.110000 -1.131096 2.396165 8.200000 -1.111217 2.450229 8.110000 -1.147928 2.473876 8.200000 -1.120208 2.548999 8.200000 -1.122467 2.502938 8.290000 -1.151443 2.604246 8.290000 -1.149799 2.620920 8.200000 -1.118752 2.652525 8.110000 -1.145113 2.689195 8.200000 -1.109841 2.743782 8.110000 -1.129207 2.753534 8.200000 -1.096501 2.813778 8.200000 -1.079461 2.786626 8.290000 -1.118445 2.877585 8.110000 -1.088168 2.885413 8.200000 -1.053088 3.071312 8.339764 -1.062290 3.148314 8.347679 -1.043213 3.127295 8.339150 -1.022194 3.063005 8.334146 -1.052741 3.105054 8.321860 -0.999953 3.055447 8.327736 -1.044053 3.048676 8.320780 -1.036270 3.086030 8.297056 -0.980929 2.950264 8.200000 -1.022968 2.924448 8.290000 -1.068344 2.989863 8.201092 -1.001365 3.062754 8.171593 -0.957653 3.060860 8.203274 -0.955759 3.069153 8.141769 -0.964052 3.047301 8.080792 -1.034689 3.079269 8.115495 -0.974168 3.091997 8.093799 -0.986896 3.106182 8.077010 -1.001081 3.054054 8.073596 -1.042451 3.060858 8.067542 -1.050273 3.120820 8.064896 -1.015719 3.067626 8.062557 -1.058053 3.135156 8.056876 -1.030055 3.151888 8.051510 -1.046786 1.843424 8.320261 0.442076 1.817935 8.320000 0.413774 1.744011 8.338462 0.373395 1.796618 8.311340 0.372249 1.843998 8.080262 0.441678 1.678321 8.338462 0.273634 1.817935 8.080000 0.413774 1.811639 8.088660 0.390553 1.711605 8.311340 0.246595 1.688697 8.320000 0.226312 1.627781 8.338462 0.172975 1.767132 8.061539 0.403093 1.678671 8.311340 0.182894 1.589310 8.338462 0.068343 1.724975 8.088660 0.269475 1.699472 8.061539 0.308702 1.688697 8.080000 0.226312 1.688497 8.088660 0.203170 1.563078 8.338462 -0.038542 1.642540 8.061539 0.205455 1.548744 8.338462 -0.149011 1.601069 8.061539 0.104399 1.547082 8.338462 -0.265196 1.570350 8.061539 -0.003271 1.559709 8.338462 -0.385003 1.552203 8.061539 -0.111465 1.625351 8.110000 -0.040626 1.585102 8.338462 -0.496721 1.546121 8.061539 -0.225950 1.622268 8.338462 -0.602531 1.668200 8.338462 -0.698155 1.553830 8.061539 -0.344816 1.722329 8.338462 -0.785811 1.575512 8.061539 -0.461048 1.785352 8.338462 -0.867499 1.608481 8.061539 -0.567543 1.856224 8.338462 -0.941925 1.652274 8.061539 -0.667862 1.933662 8.338462 -1.008046 1.703254 8.061539 -0.757186 2.016225 8.338462 -1.065115 1.763415 8.061539 -0.841017 2.102396 8.338462 -1.112708 1.831803 8.061539 -0.917994 2.190663 8.338462 -1.150710 1.907206 8.061539 -0.986981 2.249957 8.338462 -1.170792 1.988227 8.061539 -1.047131 2.338590 8.338462 -1.193323 2.073366 8.061539 -1.097910 2.454392 8.338462 -1.210096 2.161099 8.061539 -1.139102 2.538212 8.338462 -1.213667 2.592225 8.338462 -1.212212 2.279589 8.061539 -1.179296 2.670023 8.338462 -1.204914 2.367874 8.061539 -1.198888 2.425811 8.061539 -1.207248 2.767136 8.338462 -1.186972 2.510621 8.061539 -1.213275 2.834707 8.338462 -1.168432 2.618605 8.061539 -1.210429 2.909336 8.338462 -1.141779 2.695033 8.061539 -1.201245 2.982706 8.338462 -1.108703 2.743598 8.061539 -1.192243 2.812694 8.061539 -1.175038 2.883198 8.061539 -1.151882 2.991544 8.271267 -1.020869 3.011136 8.271717 -1.009728 3.071998 8.266984 -0.966897 3.063718 8.234736 -0.958617 2.950493 8.088660 -1.077385 2.959081 8.061539 -1.120140 2.986177 8.080000 -1.071034 3.007319 8.080262 -1.059160 1.891336 8.130093 0.430232 1.645694 8.290000 0.042115 1.618777 8.311340 0.016981 1.632506 8.290000 -0.007613 1.668414 8.110000 0.109522 1.674085 8.136471 0.079283 1.625351 8.290000 -0.040626 1.650969 8.110000 0.059376 1.624991 8.088660 0.039796 1.636481 8.110000 0.008591 1.632506 8.110000 -0.007613 1.607667 8.290000 -0.216242 1.608197 8.290000 -0.253061 1.610858 8.110000 -0.144103 1.633003 8.290000 -0.437028 1.641660 8.290000 -0.470578 1.618903 8.110000 -0.365552 1.703039 8.290000 -0.631735 1.717689 8.290000 -0.660299 1.675515 8.110000 -0.570173 2.203431 8.110000 -1.089724 2.369187 8.290000 -1.136594 2.396591 8.311340 -1.160699 2.227741 8.088660 -1.119097 2.258855 8.110000 -1.109123 2.423448 8.290000 -1.144985 2.286567 8.110000 -1.117381 2.450229 8.290000 -1.147928 2.528813 8.110000 -1.152073 2.676018 8.290000 -1.141910 2.705473 8.311340 -1.156572 2.557802 8.088660 -1.171162 2.579487 8.110000 -1.151220 2.721654 8.290000 -1.133927 2.604246 8.110000 -1.149799 2.743782 8.290000 -1.129207 2.852973 8.290000 -1.097396 2.861504 8.263530 -1.077558 2.889595 8.290000 -1.083374 2.807335 8.110000 -1.112459 2.538505 7.000000 -1.271272 2.287224 7.000000 -1.240761 2.050546 7.000000 -1.151001 1.842226 7.000000 -1.007208 1.674372 7.000000 -0.817740 1.556738 7.000000 -0.593607 1.496161 7.000000 -0.347835 1.496161 7.000000 -0.094708 1.556738 7.000000 0.151063 1.674372 7.000000 0.375196 1.842226 7.000000 0.564664 2.050546 7.000000 0.708457 2.102668 8.050001 0.734001 2.287224 7.000000 0.798217 2.315499 8.050001 0.804773 2.538505 7.000000 0.828728 2.538505 8.050001 0.828728 2.538505 7.700000 0.778728 2.538505 7.000000 0.778728 2.777821 7.000000 0.749670 2.781129 7.700000 0.748849 3.003228 7.000000 0.664184 3.009254 7.700000 0.660995 3.201628 7.000000 0.527239 3.209247 7.700000 0.520419 3.361489 7.000000 0.346793 3.369158 7.700000 0.335519 3.473521 7.000000 0.133333 3.479429 7.700000 0.117347 3.531214 7.000000 -0.100735 3.533471 7.700000 -0.121062 3.531214 7.000000 -0.341809 3.528056 7.700000 -0.365458 3.473521 7.000000 -0.575877 3.463505 7.700000 -0.601239 3.343678 7.500000 -0.814312 3.361489 7.000000 -0.789337 3.280196 7.500000 -0.892014 3.201628 7.000000 -0.969783 3.343678 7.700000 -0.814312 3.209247 7.500000 -0.962963 3.131546 7.500000 -1.026444 3.003228 7.000000 -1.106728 2.949203 7.700000 -1.133043 2.777821 7.000000 -1.192214 3.131546 7.700000 -1.026444 2.748539 7.700000 -1.198966 2.538505 7.000000 -1.221272 2.538505 7.700000 -1.221272 2.127807 7.700000 0.690499 1.949588 7.747180 0.579777 1.945464 7.700000 0.583901 2.538505 7.900000 0.578728 2.380411 7.900000 0.562951 2.538505 7.894986 0.623232 2.129866 7.744504 0.685927 1.961415 7.791424 0.567950 2.135941 7.786777 0.672441 1.980134 7.830472 0.549231 2.145727 7.824698 0.650715 2.004859 7.862097 0.524506 2.158733 7.856366 0.621841 2.034183 7.884757 0.495182 2.174307 7.880194 0.587266 2.060974 7.896098 0.468391 2.329524 7.744504 0.751520 2.328471 7.700000 0.756422 2.538505 7.744504 0.773714 2.191669 7.894986 0.548723 2.228552 7.900000 0.516244 2.088918 7.900000 0.440447 2.332631 7.786777 0.737058 2.538505 7.786777 0.758922 2.337636 7.824698 0.713762 2.538505 7.824698 0.735094 2.344287 7.856366 0.682800 2.538505 7.856366 0.703426 2.352252 7.880194 0.645724 2.538505 7.880194 0.665505 2.361130 7.894986 0.604395 3.208822 8.339764 -0.957390 3.335061 8.350000 -0.904549 3.198988 8.334146 -0.949423 3.190041 8.327736 -0.942174 3.182025 8.320780 -0.935680 3.159317 8.201092 -0.874619 3.180397 8.080792 -0.934361 3.188390 8.073596 -0.940837 3.196446 8.067542 -0.947363 3.204459 8.062557 -0.953855 3.212345 8.058554 -0.960244 3.335061 8.050000 -0.904549 3.278046 8.110000 -0.786571 3.272548 8.200000 -0.744190 3.208419 8.200000 -0.824164 3.331511 8.200000 -0.649529 3.320435 8.290000 -0.726316 3.388965 8.110000 -0.599693 3.373004 8.200000 -0.561675 3.406467 8.200000 -0.463975 3.414670 8.290000 -0.535627 3.438643 8.200000 -0.266158 3.462551 8.290000 -0.333623 3.427698 8.200000 -0.368236 3.468813 8.110000 -0.189483 3.437627 8.200000 -0.159283 3.423270 8.200000 -0.049651 3.463240 8.290000 -0.114740 3.435350 8.110000 0.028034 3.398639 8.200000 0.047860 3.362565 8.200000 0.143679 3.414094 8.290000 0.094683 3.359321 8.110000 0.217755 3.320474 8.200000 0.226821 3.269746 8.200000 0.305557 3.327003 8.290000 0.273455 3.207958 8.290000 0.425502 3.211141 8.200000 0.378581 3.251047 8.110000 0.377701 3.145669 8.200000 0.444772 3.062468 8.290000 0.548109 3.074538 8.200000 0.503250 3.113276 8.110000 0.510932 2.999078 8.200000 0.553412 2.956007 8.290000 0.610699 2.920669 8.200000 0.594947 2.901198 8.110000 0.636013 2.840669 8.200000 0.627822 2.790444 8.110000 0.674837 2.760348 8.200000 0.652255 2.680845 8.200000 0.668673 2.735237 8.290000 0.688553 2.574073 8.290000 0.708900 2.603135 8.200000 0.677664 2.626781 8.110000 0.705384 2.528011 8.200000 0.679923 2.424485 8.290000 0.702570 2.456090 8.200000 0.676208 2.472764 8.110000 0.707255 2.387815 8.200000 0.667297 2.290385 8.290000 0.675902 2.323477 8.200000 0.653957 2.333229 8.110000 0.686663 2.263232 8.200000 0.636917 2.199425 8.110000 0.645624 2.191597 8.200000 0.610544 2.005698 8.339764 0.619746 2.036964 8.350000 0.700588 2.014005 8.334146 0.610197 2.021563 8.327736 0.601509 2.028334 8.320780 0.593726 2.126746 8.200000 0.580425 2.152562 8.290000 0.625801 2.087147 8.201092 0.558821 2.029709 8.080792 0.592145 2.022957 8.073596 0.599907 2.016152 8.067542 0.607729 2.009384 8.062557 0.615510 2.036964 8.050000 0.700588 3.233587 8.320261 -0.884620 3.259075 8.320000 -0.856318 3.332999 8.338462 -0.815939 3.473517 8.350000 -0.697845 3.280393 8.311340 -0.814793 3.233012 8.080262 -0.884222 3.398690 8.338462 -0.716177 3.259075 8.080000 -0.856318 3.265371 8.088660 -0.833097 3.365406 8.311340 -0.689139 3.388313 8.320000 -0.668856 3.449229 8.338462 -0.615519 3.555634 8.350000 -0.479763 3.309878 8.061539 -0.845637 3.398339 8.311340 -0.625438 3.487700 8.338462 -0.510887 3.352036 8.088660 -0.712018 3.377538 8.061539 -0.751245 3.473517 8.050000 -0.697845 3.388313 8.080000 -0.668856 3.388513 8.088660 -0.645714 3.513932 8.338462 -0.404002 3.587610 8.350000 -0.248591 3.434470 8.061539 -0.647999 3.528266 8.338462 -0.293533 3.475941 8.061539 -0.546943 3.555634 8.050000 -0.479763 3.529928 8.338462 -0.177348 3.563718 8.350000 0.003022 3.506660 8.061539 -0.439273 3.517301 8.338462 -0.057541 3.524807 8.061539 -0.331078 3.451659 8.110000 -0.401918 3.587610 8.050000 -0.248591 3.491908 8.338462 0.054177 3.487694 8.350000 0.226399 3.530890 8.061539 -0.216593 3.454742 8.338462 0.159987 3.408810 8.338462 0.255612 3.375159 8.350000 0.412273 3.523180 8.061539 -0.097728 3.563718 8.050000 0.003022 3.354681 8.338462 0.343267 3.501498 8.061539 0.018505 3.291658 8.338462 0.424955 3.226863 8.350000 0.570897 3.468529 8.061539 0.124999 3.487694 8.050000 0.226399 3.220786 8.338462 0.499381 3.424736 8.061539 0.225318 3.143348 8.338462 0.565502 3.053205 8.350000 0.693306 3.373757 8.061539 0.314642 3.375159 8.050000 0.412273 3.060785 8.338462 0.622572 3.313595 8.061539 0.398474 3.003644 8.338462 0.655366 3.245207 8.061539 0.475450 3.226863 8.050000 0.570897 2.915912 8.338462 0.696559 2.866738 8.350000 0.775539 3.169804 8.061539 0.544437 2.797421 8.338462 0.736753 2.679553 8.350000 0.818668 3.088783 8.061539 0.604587 3.053205 8.050000 0.693306 2.709136 8.338462 0.756344 2.974614 8.061539 0.670164 2.866738 8.050000 0.775539 2.622618 8.338462 0.767552 2.501326 8.350000 0.827530 2.886348 8.061539 0.708166 2.538798 8.338462 0.771123 2.827053 8.061539 0.728248 2.458406 8.338462 0.767886 2.338471 8.350000 0.808949 2.738420 8.061539 0.750779 2.679553 8.050000 0.818668 2.381978 8.338462 0.758701 2.651199 8.061539 0.764704 2.309875 8.338462 0.744428 2.194284 8.350000 0.770132 2.566389 8.061539 0.770732 2.501326 8.050000 0.827530 2.242303 8.338462 0.725889 2.484785 8.061539 0.769668 2.167674 8.338462 0.699235 2.406987 8.061539 0.762370 2.338471 8.050000 0.808949 2.094304 8.338462 0.666159 2.333413 8.061539 0.749700 2.264316 8.061539 0.732494 2.194284 8.050000 0.770132 2.193812 8.061539 0.709338 2.085466 8.271267 0.578325 2.065875 8.271717 0.567184 2.126517 8.088660 0.634841 2.117929 8.061539 0.677597 2.090833 8.080000 0.628490 2.069691 8.080262 0.616616 3.185674 8.130093 -0.872776 3.431316 8.290000 -0.484659 3.458233 8.311340 -0.459525 3.444504 8.290000 -0.434931 3.408597 8.110000 -0.552066 3.402925 8.136471 -0.521827 3.451659 8.290000 -0.401918 3.426041 8.110000 -0.501920 3.452019 8.088660 -0.482340 3.440529 8.110000 -0.451135 3.444504 8.110000 -0.434931 3.469343 8.290000 -0.226301 3.468813 8.290000 -0.189483 3.466152 8.110000 -0.298441 3.444007 8.290000 -0.005516 3.435350 8.290000 0.028034 3.458107 8.110000 -0.076992 3.373971 8.290000 0.189191 3.359321 8.290000 0.217755 3.401495 8.110000 0.127630 3.036379 8.110000 0.565243 2.873580 8.290000 0.647180 2.849269 8.311340 0.676553 3.016934 8.088660 0.599563 2.983095 8.110000 0.596544 2.818156 8.290000 0.666579 2.956007 8.110000 0.610699 2.790444 8.290000 0.674837 2.224037 8.290000 0.654852 2.215506 8.263530 0.635014 2.187415 8.290000 0.640830 2.269675 8.110000 0.669915 3.472606 8.349999 -0.700808 3.340564 8.349999 -0.898916 3.556624 8.349999 -0.478046 3.588299 8.349999 -0.242083 3.566001 8.349999 -0.005050 3.490878 8.349999 0.220867 3.366790 8.349999 0.424052 2.315499 8.349999 0.804773 2.538505 8.349999 0.828728 2.102668 8.349999 0.734001 3.200119 8.349999 0.594060 2.999433 8.349999 0.722150 2.775050 8.349999 0.801737 2.538505 8.422252 0.831235 2.789787 8.400000 0.798217 2.538505 8.400000 0.828728 2.538505 8.490097 0.885340 2.794404 8.500000 0.899895 2.538505 8.478183 0.866379 2.538505 8.497493 0.906476 2.538505 8.500000 0.928728 2.772710 8.422252 -1.247391 2.538505 8.400000 -1.271272 2.789787 8.400000 -1.240761 2.538505 8.422252 -1.273779 2.774356 8.443388 -1.254601 2.538505 8.443388 -1.281175 2.777007 8.462349 -1.266216 2.538505 8.462349 -1.293089 2.780530 8.478183 -1.281653 2.538505 8.478183 -1.308923 2.784749 8.490097 -1.300138 2.538505 8.490097 -1.327883 2.789453 8.497493 -1.320745 2.794404 8.500000 -1.342439 2.538505 8.500000 -1.371272 2.538505 8.497493 -1.349020 2.998380 8.443388 -1.176212 3.026464 8.400000 -1.151001 3.003549 8.462349 -1.186945 3.010419 8.478183 -1.201212 3.018646 8.490097 -1.218295 3.027817 8.497493 -1.237338 3.037472 8.500000 -1.257386 3.199344 8.443388 -1.049937 3.234784 8.400000 -1.007208 3.206772 8.462349 -1.059252 3.216645 8.478183 -1.071632 3.228466 8.490097 -1.086456 3.241644 8.497493 -1.102981 3.255518 8.500000 -1.120378 3.376485 8.462349 -0.889539 3.402638 8.400000 -0.817740 3.388865 8.478183 -0.899411 3.404701 8.422252 -0.819164 3.403689 8.490097 -0.911233 3.410788 8.443388 -0.823366 3.420214 8.497493 -0.924411 3.437611 8.500000 -0.938285 3.420593 8.462349 -0.830133 3.433624 8.478183 -0.839128 3.449229 8.490097 -0.849899 3.466624 8.497493 -0.861906 3.574619 8.500000 -0.720238 3.486781 8.422252 -0.677938 3.520272 8.400000 -0.593607 3.493445 8.443388 -0.681147 3.504179 8.462349 -0.686316 3.518445 8.478183 -0.693186 3.535528 8.490097 -0.701413 3.522616 8.422252 -0.594496 3.554571 8.497493 -0.710583 3.529532 8.443388 -0.597119 3.540671 8.462349 -0.601343 3.555476 8.478183 -0.606958 3.573205 8.490097 -0.613682 3.592968 8.497493 -0.621177 3.659672 8.500000 -0.477171 3.564624 8.422252 -0.455477 3.580849 8.400000 -0.347835 3.571834 8.443388 -0.457123 3.583449 8.462349 -0.459774 3.598886 8.478183 -0.463297 3.617372 8.490097 -0.467516 3.637978 8.497493 -0.472219 3.583338 8.422252 -0.348138 3.590680 8.443388 -0.349029 3.602507 8.462349 -0.350465 3.618226 8.478183 -0.352374 3.637048 8.490097 -0.354659 3.658031 8.497493 -0.357207 3.688505 8.500000 -0.221272 3.591012 8.422252 -0.221272 3.580849 8.400000 -0.094708 3.598408 8.443388 -0.221272 3.610322 8.462349 -0.221272 3.626156 8.478183 -0.221272 3.645117 8.490097 -0.221272 3.666253 8.497493 -0.221272 3.583338 8.422252 -0.094406 3.590680 8.443388 -0.093515 3.602507 8.462349 -0.092079 3.618226 8.478183 -0.090170 3.637048 8.490097 -0.087885 3.658031 8.497493 -0.085337 3.659672 8.500000 0.034627 3.564624 8.422252 0.012933 3.520272 8.400000 0.151063 3.571834 8.443388 0.014579 3.583449 8.462349 0.017230 3.598886 8.478183 0.020753 3.617372 8.490097 0.024972 3.637978 8.497493 0.029676 3.522616 8.422252 0.151952 3.529532 8.443388 0.154575 3.540671 8.462349 0.158800 3.555476 8.478183 0.164414 3.573205 8.490097 0.171138 3.486781 8.422252 0.235394 3.402638 8.400000 0.375196 3.592968 8.497493 0.178633 3.574619 8.500000 0.277694 3.493445 8.443388 0.238603 3.504179 8.462349 0.243772 3.518445 8.478183 0.250642 3.535528 8.490097 0.258869 3.554571 8.497493 0.268040 3.404701 8.422252 0.376620 3.410788 8.443388 0.380822 3.420593 8.462349 0.387589 3.433624 8.478183 0.396584 3.361388 8.422252 0.434956 3.234784 8.400000 0.564664 3.449229 8.490097 0.407355 3.367171 8.443388 0.439567 3.466624 8.497493 0.419362 3.437611 8.500000 0.495741 3.376485 8.462349 0.446995 3.388865 8.478183 0.456867 3.403689 8.490097 0.468689 3.420214 8.497493 0.481867 3.236446 8.422252 0.566541 3.241351 8.443388 0.572077 3.249251 8.462349 0.580995 3.255518 8.500000 0.677834 3.259751 8.478183 0.592847 3.272324 8.490097 0.607039 3.286340 8.497493 0.622860 3.027630 8.422252 0.710677 3.026464 8.400000 0.708457 3.031067 8.443388 0.717226 3.036603 8.462349 0.727775 3.043962 8.478183 0.741795 3.037472 8.500000 0.814842 3.052773 8.490097 0.758584 3.062596 8.497493 0.777299 2.790387 8.422252 0.800651 2.538505 8.443388 0.838631 2.792156 8.443388 0.807832 2.795008 8.462349 0.819400 2.538505 8.462349 0.850545 2.798797 8.478183 0.834774 2.803335 8.490097 0.853184 2.808393 8.497493 0.873706 2.287224 8.400000 -1.240761 2.050546 8.400000 -1.151001 1.842226 8.400000 -1.007208 1.674372 8.400000 -0.817740 1.556738 8.400000 -0.593607 1.496161 8.400000 -0.347835 1.496161 8.400000 -0.094708 1.556738 8.400000 0.151063 1.674372 8.400000 0.375196 1.842226 8.400000 0.564664 2.050546 8.400000 0.708457 2.287224 8.400000 0.798217 -0.001495 7.000000 -1.271272 -0.252776 7.000000 -1.240761 -0.489454 7.000000 -1.151001 -0.697774 7.000000 -1.007208 -0.865628 7.000000 -0.817740 -0.983262 7.000000 -0.593607 -1.043839 7.000000 -0.347835 -1.043839 7.000000 -0.094708 -0.983262 7.000000 0.151063 -0.865628 7.000000 0.375196 -0.697774 7.000000 0.564664 -0.489454 7.000000 0.708457 -0.437332 8.050001 0.734001 -0.252776 7.000000 0.798217 -0.224501 8.050001 0.804773 -0.001495 7.000000 0.828728 -0.001495 8.050001 0.828728 -0.001495 7.700000 0.778728 -0.001495 7.000000 0.778728 0.237821 7.000000 0.749670 0.241129 7.700000 0.748849 0.463228 7.000000 0.664184 0.469254 7.700000 0.660995 0.661628 7.000000 0.527239 0.669247 7.700000 0.520419 0.821489 7.000000 0.346793 0.829157 7.700000 0.335519 0.933521 7.000000 0.133333 0.939429 7.700000 0.117347 0.991214 7.000000 -0.100735 0.993471 7.700000 -0.121062 0.991214 7.000000 -0.341809 0.988056 7.700000 -0.365458 0.933521 7.000000 -0.575877 0.923505 7.700000 -0.601239 0.803678 7.500000 -0.814312 0.821489 7.000000 -0.789337 0.740196 7.500000 -0.892014 0.661628 7.000000 -0.969783 0.803678 7.700000 -0.814312 0.669247 7.500000 -0.962963 0.591546 7.500000 -1.026444 0.463228 7.000000 -1.106728 0.409203 7.700000 -1.133043 0.237821 7.000000 -1.192214 0.591546 7.700000 -1.026444 0.208539 7.700000 -1.198966 -0.001495 7.000000 -1.221272 -0.001495 7.700000 -1.221272 -0.412193 7.700000 0.690499 -0.590412 7.747180 0.579777 -0.594536 7.700000 0.583901 -0.001495 7.900000 0.578728 -0.159589 7.900000 0.562951 -0.001495 7.894986 0.623232 -0.410134 7.744504 0.685927 -0.578585 7.791424 0.567950 -0.404059 7.786777 0.672441 -0.559866 7.830472 0.549231 -0.394273 7.824698 0.650715 -0.535141 7.862097 0.524506 -0.381267 7.856366 0.621841 -0.505817 7.884757 0.495182 -0.365693 7.880194 0.587266 -0.479026 7.896098 0.468391 -0.210476 7.744504 0.751520 -0.211529 7.700000 0.756422 -0.001495 7.744504 0.773714 -0.348332 7.894986 0.548723 -0.311448 7.900000 0.516244 -0.451082 7.900000 0.440447 -0.207369 7.786777 0.737058 -0.001495 7.786777 0.758922 -0.202365 7.824698 0.713762 -0.001495 7.824698 0.735094 -0.195713 7.856366 0.682800 -0.001495 7.856366 0.703426 -0.187748 7.880194 0.645724 -0.001495 7.880194 0.665505 -0.178870 7.894986 0.604395 0.668822 8.339764 -0.957390 0.795061 8.350000 -0.904549 0.658988 8.334146 -0.949423 0.650041 8.327736 -0.942174 0.642025 8.320780 -0.935680 0.619317 8.201092 -0.874619 0.640397 8.080792 -0.934361 0.648390 8.073596 -0.940837 0.656446 8.067542 -0.947363 0.664459 8.062557 -0.953855 0.672345 8.058554 -0.960244 0.795061 8.050000 -0.904549 0.738046 8.110000 -0.786571 0.732548 8.200000 -0.744190 0.668419 8.200000 -0.824164 0.791511 8.200000 -0.649529 0.780435 8.290000 -0.726316 0.848965 8.110000 -0.599693 0.833004 8.200000 -0.561675 0.866467 8.200000 -0.463975 0.874670 8.290000 -0.535627 0.898643 8.200000 -0.266158 0.922551 8.290000 -0.333623 0.887698 8.200000 -0.368236 0.928813 8.110000 -0.189483 0.897627 8.200000 -0.159283 0.883270 8.200000 -0.049651 0.923240 8.290000 -0.114740 0.895350 8.110000 0.028034 0.858639 8.200000 0.047860 0.822564 8.200000 0.143679 0.874094 8.290000 0.094683 0.819321 8.110000 0.217755 0.780474 8.200000 0.226821 0.729746 8.200000 0.305557 0.787003 8.290000 0.273455 0.667958 8.290000 0.425502 0.671141 8.200000 0.378581 0.711047 8.110000 0.377701 0.605669 8.200000 0.444772 0.522468 8.290000 0.548109 0.534538 8.200000 0.503250 0.573276 8.110000 0.510932 0.459078 8.200000 0.553412 0.361198 8.290000 0.636013 0.380669 8.200000 0.594947 0.416007 8.110000 0.610699 0.300669 8.200000 0.627822 0.195237 8.290000 0.688553 0.220348 8.200000 0.652255 0.250443 8.110000 0.674837 0.140845 8.200000 0.668673 0.034072 8.290000 0.708900 0.063134 8.200000 0.677664 0.086781 8.110000 0.705384 -0.011989 8.200000 0.679923 -0.115515 8.290000 0.702570 -0.083910 8.200000 0.676208 -0.067236 8.110000 0.707255 -0.152185 8.200000 0.667297 -0.249616 8.290000 0.675902 -0.216523 8.200000 0.653957 -0.206771 8.110000 0.686663 -0.276768 8.200000 0.636917 -0.340575 8.110000 0.645624 -0.348403 8.200000 0.610544 -0.534302 8.339764 0.619746 -0.503036 8.350000 0.700588 -0.525995 8.334146 0.610197 -0.518437 8.327736 0.601509 -0.511666 8.320780 0.593726 -0.413254 8.200000 0.580425 -0.387438 8.290000 0.625801 -0.452853 8.201092 0.558821 -0.510291 8.080792 0.592145 -0.517043 8.073596 0.599907 -0.523848 8.067542 0.607729 -0.530616 8.062557 0.615510 -0.503036 8.050000 0.700588 0.693586 8.320261 -0.884620 0.719075 8.320000 -0.856318 0.792999 8.338462 -0.815939 0.933517 8.350000 -0.697845 0.740393 8.311340 -0.814793 0.693012 8.080262 -0.884222 0.858689 8.338462 -0.716177 0.719075 8.080000 -0.856318 0.725371 8.088660 -0.833097 0.825405 8.311340 -0.689139 0.848313 8.320000 -0.668856 0.909229 8.338462 -0.615519 1.015634 8.350000 -0.479763 0.769878 8.061539 -0.845637 0.858339 8.311340 -0.625438 0.947700 8.338462 -0.510887 0.812036 8.088660 -0.712018 0.837538 8.061539 -0.751245 0.933517 8.050000 -0.697845 0.848313 8.080000 -0.668856 0.848513 8.088660 -0.645714 0.973932 8.338462 -0.404002 1.047611 8.350000 -0.248591 0.894470 8.061539 -0.647999 0.988266 8.338462 -0.293533 0.935941 8.061539 -0.546943 1.015634 8.050000 -0.479763 0.989928 8.338462 -0.177348 1.023718 8.350000 0.003022 0.966660 8.061539 -0.439273 0.977301 8.338462 -0.057541 0.984807 8.061539 -0.331078 0.911659 8.110000 -0.401918 1.047611 8.050000 -0.248591 0.951908 8.338462 0.054177 0.947694 8.350000 0.226399 0.990889 8.061539 -0.216593 0.914742 8.338462 0.159987 0.868810 8.338462 0.255612 0.835159 8.350000 0.412273 0.983180 8.061539 -0.097728 1.023718 8.050000 0.003022 0.814681 8.338462 0.343267 0.961498 8.061539 0.018505 0.751658 8.338462 0.424955 0.686863 8.350000 0.570897 0.928529 8.061539 0.124999 0.947694 8.050000 0.226399 0.680786 8.338462 0.499381 0.884736 8.061539 0.225318 0.603348 8.338462 0.565502 0.513205 8.350000 0.693306 0.833756 8.061539 0.314642 0.835159 8.050000 0.412273 0.520785 8.338462 0.622572 0.773595 8.061539 0.398474 0.434614 8.338462 0.670164 0.326738 8.350000 0.775539 0.705207 8.061539 0.475450 0.686863 8.050000 0.570897 0.346347 8.338462 0.708166 0.629804 8.061539 0.544437 0.257421 8.338462 0.736753 0.139553 8.350000 0.818668 0.548783 8.061539 0.604587 0.513205 8.050000 0.693306 0.169136 8.338462 0.756344 0.463644 8.061539 0.655366 0.082618 8.338462 0.767552 -0.038675 8.350000 0.827530 0.375912 8.061539 0.696559 0.326738 8.050000 0.775539 -0.001202 8.338462 0.771123 0.287053 8.061539 0.728248 -0.081594 8.338462 0.767886 -0.201529 8.350000 0.808949 0.198420 8.061539 0.750779 0.139553 8.050000 0.818668 -0.158022 8.338462 0.758701 0.111199 8.061539 0.764704 -0.230126 8.338462 0.744428 -0.345716 8.350000 0.770132 0.026389 8.061539 0.770732 -0.038675 8.050000 0.827530 -0.297697 8.338462 0.725889 -0.055215 8.061539 0.769668 -0.372326 8.338462 0.699235 -0.133013 8.061539 0.762370 -0.201529 8.050000 0.808949 -0.445696 8.338462 0.666159 -0.206587 8.061539 0.749700 -0.275684 8.061539 0.732494 -0.345716 8.050000 0.770132 -0.346188 8.061539 0.709338 -0.454534 8.271267 0.578325 -0.474125 8.271717 0.567184 -0.413483 8.088660 0.634841 -0.422071 8.061539 0.677597 -0.449167 8.080000 0.628490 -0.470309 8.080262 0.616616 0.645674 8.130093 -0.872776 0.891316 8.290000 -0.484659 0.918233 8.311340 -0.459525 0.904504 8.290000 -0.434931 0.868596 8.110000 -0.552066 0.862925 8.136471 -0.521827 0.911659 8.290000 -0.401918 0.886041 8.110000 -0.501920 0.912019 8.088660 -0.482340 0.900529 8.110000 -0.451135 0.904504 8.110000 -0.434931 0.929343 8.290000 -0.226301 0.928813 8.290000 -0.189483 0.926152 8.110000 -0.298441 0.904007 8.290000 -0.005516 0.895350 8.290000 0.028034 0.918107 8.110000 -0.076992 0.833971 8.290000 0.189191 0.819321 8.290000 0.217755 0.861495 8.110000 0.127630 -0.315963 8.290000 0.654852 -0.324494 8.263530 0.635014 -0.352585 8.290000 0.640830 -0.270325 8.110000 0.669915 0.932606 8.349999 -0.700808 0.800564 8.349999 -0.898916 1.016624 8.349999 -0.478046 1.048299 8.349999 -0.242083 1.026001 8.349999 -0.005050 0.950877 8.349999 0.220867 0.826790 8.349999 0.424052 -0.224501 8.349999 0.804773 -0.001495 8.349999 0.828728 -0.437332 8.349999 0.734001 0.660119 8.349999 0.594060 0.459433 8.349999 0.722150 0.235050 8.349999 0.801737 -0.001495 8.422252 0.831235 0.249786 8.400000 0.798217 -0.001495 8.400000 0.828728 -0.001495 8.490097 0.885340 0.254404 8.500000 0.899895 -0.001495 8.478183 0.866379 -0.001495 8.497493 0.906476 -0.001495 8.500000 0.928728 0.232710 8.422252 -1.247391 -0.001495 8.400000 -1.271272 0.249786 8.400000 -1.240761 -0.001495 8.422252 -1.273779 0.234356 8.443388 -1.254601 -0.001495 8.443388 -1.281175 0.237007 8.462349 -1.266216 -0.001495 8.462349 -1.293089 0.240530 8.478183 -1.281653 -0.001495 8.478183 -1.308923 0.244749 8.490097 -1.300138 -0.001495 8.490097 -1.327883 0.249453 8.497493 -1.320745 0.254404 8.500000 -1.342439 -0.001495 8.500000 -1.371272 -0.001495 8.497493 -1.349020 0.458380 8.443388 -1.176212 0.486464 8.400000 -1.151001 0.463549 8.462349 -1.186945 0.470419 8.478183 -1.201212 0.478646 8.490097 -1.218295 0.487816 8.497493 -1.237338 0.497471 8.500000 -1.257386 0.659344 8.443388 -1.049937 0.694784 8.400000 -1.007208 0.666772 8.462349 -1.059252 0.676644 8.478183 -1.071632 0.688466 8.490097 -1.086456 0.701644 8.497493 -1.102981 0.715518 8.500000 -1.120378 0.836485 8.462349 -0.889539 0.862638 8.400000 -0.817740 0.848865 8.478183 -0.899411 0.864701 8.422252 -0.819164 0.863689 8.490097 -0.911233 0.870788 8.443388 -0.823366 0.880214 8.497493 -0.924411 0.897611 8.500000 -0.938285 0.880593 8.462349 -0.830133 0.893624 8.478183 -0.839128 0.909229 8.490097 -0.849899 0.926623 8.497493 -0.861906 1.034619 8.500000 -0.720238 0.946781 8.422252 -0.677938 0.980272 8.400000 -0.593607 0.953445 8.443388 -0.681147 0.964179 8.462349 -0.686316 0.978445 8.478183 -0.693186 0.995528 8.490097 -0.701413 0.982616 8.422252 -0.594496 1.014571 8.497493 -0.710583 0.989532 8.443388 -0.597119 1.000671 8.462349 -0.601343 1.015476 8.478183 -0.606958 1.033205 8.490097 -0.613682 1.052968 8.497493 -0.621177 1.119672 8.500000 -0.477171 1.024624 8.422252 -0.455477 1.040849 8.400000 -0.347835 1.031834 8.443388 -0.457123 1.043449 8.462349 -0.459774 1.058886 8.478183 -0.463297 1.077372 8.490097 -0.467516 1.097978 8.497493 -0.472219 1.043338 8.422252 -0.348138 1.050680 8.443388 -0.349029 1.062507 8.462349 -0.350465 1.078226 8.478183 -0.352374 1.097048 8.490097 -0.354659 1.118030 8.497493 -0.357207 1.148505 8.500000 -0.221272 1.051012 8.422252 -0.221272 1.040849 8.400000 -0.094708 1.058408 8.443388 -0.221272 1.070322 8.462349 -0.221272 1.086156 8.478183 -0.221272 1.105117 8.490097 -0.221272 1.126253 8.497493 -0.221272 1.043338 8.422252 -0.094406 1.050680 8.443388 -0.093515 1.062507 8.462349 -0.092079 1.078226 8.478183 -0.090170 1.097048 8.490097 -0.087885 1.118030 8.497493 -0.085337 1.119672 8.500000 0.034627 1.024624 8.422252 0.012933 0.980272 8.400000 0.151063 1.031834 8.443388 0.014579 1.043449 8.462349 0.017230 1.058886 8.478183 0.020753 1.077372 8.490097 0.024972 1.097978 8.497493 0.029676 0.982616 8.422252 0.151952 0.989532 8.443388 0.154575 1.000671 8.462349 0.158800 1.015476 8.478183 0.164414 1.033205 8.490097 0.171138 0.946781 8.422252 0.235394 0.862638 8.400000 0.375196 1.052968 8.497493 0.178633 1.034619 8.500000 0.277694 0.953445 8.443388 0.238603 0.964179 8.462349 0.243772 0.978445 8.478183 0.250642 0.995528 8.490097 0.258869 1.014571 8.497493 0.268040 0.864701 8.422252 0.376620 0.870788 8.443388 0.380822 0.880593 8.462349 0.387589 0.893624 8.478183 0.396584 0.821388 8.422252 0.434956 0.694784 8.400000 0.564664 0.909229 8.490097 0.407355 0.827171 8.443388 0.439567 0.926623 8.497493 0.419362 0.897611 8.500000 0.495741 0.836485 8.462349 0.446995 0.848865 8.478183 0.456867 0.863689 8.490097 0.468689 0.880214 8.497493 0.481867 0.696446 8.422252 0.566541 0.701351 8.443388 0.572077 0.709251 8.462349 0.580995 0.715518 8.500000 0.677834 0.719751 8.478183 0.592847 0.732324 8.490097 0.607039 0.746340 8.497493 0.622860 0.487629 8.422252 0.710677 0.486464 8.400000 0.708457 0.491067 8.443388 0.717226 0.496603 8.462349 0.727775 0.503962 8.478183 0.741795 0.497471 8.500000 0.814842 0.512773 8.490097 0.758584 0.522596 8.497493 0.777299 0.250386 8.422252 0.800651 0.252156 8.443388 0.807832 -0.001495 8.443388 0.838631 0.255008 8.462349 0.819400 -0.001495 8.462349 0.850545 0.258797 8.478183 0.834774 0.263334 8.490097 0.853184 0.268393 8.497493 0.873706 -0.252776 8.400000 -1.240761 -0.489454 8.400000 -1.151001 -0.697774 8.400000 -1.007208 -0.865628 8.400000 -0.817740 -0.983262 8.400000 -0.593607 -1.043839 8.400000 -0.347835 -1.043839 8.400000 -0.094708 -0.983262 8.400000 0.151063 -0.865628 8.400000 0.375196 -0.697774 8.400000 0.564664 -0.489454 8.400000 0.708457 -0.252776 8.400000 0.798217 4.033505 0.000000 -3.138135 4.033505 3.100000 -3.138135 4.033505 0.000000 3.131865 4.033505 8.353031 -1.693551 4.033505 8.393319 -1.677604 4.033505 8.481446 -1.584837 4.033505 8.429227 -1.653355 4.033505 8.459069 -1.621941 4.033505 8.495306 -1.543784 4.033505 8.500000 -1.500710 4.033505 5.200000 2.431865 4.033505 5.000000 3.131865 4.033505 5.200000 2.931865 4.033505 5.086777 3.112059 4.033505 5.194985 2.976369 4.033505 5.044504 3.126851 4.033505 5.180194 3.018642 4.033505 5.156366 3.056563 4.033505 5.124698 3.088231 4.033505 8.500000 1.058167 4.033505 8.494146 1.106200 4.033505 8.370100 1.245479 4.033505 8.476928 1.151422 4.033505 8.449352 1.191185 4.033505 8.413034 1.223161 2.238505 1.210000 -2.838135 1.888505 1.210000 -3.138135 1.888505 1.210000 -2.538135 2.238505 1.210000 -2.538135 3.188505 1.210000 -3.138135 2.838505 1.210000 -2.838135 3.188505 1.210000 -2.538135 2.838505 1.210000 -2.538135 2.238505 2.210000 -2.538135 1.888505 2.710000 -2.538135 2.838505 2.210000 -2.538135 3.188505 2.710000 -2.538135 1.888505 2.710000 -2.638135 1.888505 4.918182 -2.638135 3.188505 2.710000 -2.638135 3.188505 4.918182 -2.638135 0.398505 0.000000 0.246865 -1.496495 0.000000 3.131865 -0.401495 0.000000 0.246865 -1.496495 0.000000 -3.138135 0.398505 0.000000 -0.253135 -0.401495 0.000000 -0.253135 2.138505 0.000000 0.246865 2.138505 0.000000 -0.253135 2.938505 0.000000 0.246865 2.938505 0.000000 -0.253135 -0.301495 1.210000 -2.838135 -0.651495 1.210000 -3.138135 -0.651495 1.210000 -2.538135 -0.301495 1.210000 -2.538135 0.648505 1.210000 -3.138135 0.298505 1.210000 -2.838135 0.648505 1.210000 -2.538135 0.298505 1.210000 -2.538135 -0.301495 2.210000 -2.538135 -0.651495 2.710000 -2.538135 0.298505 2.210000 -2.538135 0.648505 2.710000 -2.538135 -0.651495 2.710000 -2.638135 -0.651495 4.918182 -2.638135 0.648505 2.710000 -2.638135 0.648505 4.918182 -2.638135 -1.496495 3.100000 -3.138135 -0.651495 3.100000 -3.138135 0.648505 3.100000 -3.138135 1.888505 3.100000 -3.138135 3.188505 3.100000 -3.138135 -1.496495 5.044504 3.126851 -1.496495 5.086777 3.112059 -1.496495 5.000000 3.131865 -1.496495 5.124698 3.088231 -1.496495 5.156366 3.056563 -1.496495 5.194985 2.976369 -1.496495 5.180194 3.018642 -1.496495 5.200000 2.931865 -1.496495 5.200000 2.431865 -1.496495 8.413034 1.223161 -1.496495 8.449352 1.191185 -1.496495 8.370100 1.245479 -1.496495 8.476928 1.151422 -1.496495 8.494146 1.106200 -1.496495 8.500000 1.058167 -1.496495 8.500000 -1.500710 -1.496495 8.353031 -1.693551 -1.496495 8.495306 -1.543784 -1.496495 8.481446 -1.584837 -1.496495 8.459069 -1.621941 -1.496495 8.429227 -1.653355 -1.496495 8.393319 -1.677604 3.538505 0.300000 3.131865 1.538505 0.300000 3.131865 0.998505 0.300000 3.131865 3.538505 4.500000 3.131865 -1.001495 0.300000 3.131865 1.538505 4.500000 3.131865 0.998505 4.500000 3.131865 -1.001495 4.500000 3.131865 -0.718508 8.500000 0.677834 -0.900601 8.500000 0.495741 -1.037609 8.500000 0.277694 -0.500461 8.500000 0.814842 -1.122662 8.500000 0.034627 -0.257394 8.500000 0.899895 -1.151495 8.500000 -0.221272 -1.122662 8.500000 -0.477171 -1.037609 8.500000 -0.720238 -0.900601 8.500000 -0.938285 -0.718508 8.500000 -1.120378 -0.500461 8.500000 -1.257386 -0.257394 8.500000 -1.342439 1.821492 8.500000 0.677834 1.639399 8.500000 0.495741 1.502391 8.500000 0.277694 2.039539 8.500000 0.814842 1.417338 8.500000 0.034627 2.282606 8.500000 0.899895 1.388505 8.500000 -0.221272 1.417338 8.500000 -0.477171 1.502391 8.500000 -0.720238 1.639399 8.500000 -0.938285 1.821492 8.500000 -1.120378 2.039539 8.500000 -1.257386 2.282606 8.500000 -1.342439 0.248505 5.668281 2.256614 -0.251495 5.668281 2.256614 -0.001495 6.136562 2.081364 0.248505 5.633231 2.162958 -0.251495 5.633231 2.162958 -0.001495 6.101512 1.987707 -1.001495 0.872727 2.231865 -1.001509 4.500080 2.680785 -1.001854 4.502032 2.350114 -0.999950 4.491248 2.227673 -0.701495 1.000000 2.031865 -0.879818 3.810497 2.150777 -0.701495 2.800000 2.031865 -0.501455 4.499549 2.857884 0.498465 4.499549 2.857884 0.998519 4.500080 2.680785 -0.001495 4.501434 2.534586 -0.751722 4.501711 2.503397 -0.751621 4.500950 2.238694 -0.491978 4.392141 2.216975 -0.417762 4.494557 2.229367 -0.498748 4.468862 2.223557 -0.168226 4.502185 2.391022 -0.112648 4.502141 2.359854 -0.462471 4.057723 2.179744 -0.403822 4.304987 2.208696 -0.332494 4.460324 2.222796 -0.578313 3.191516 2.077968 0.109658 4.502141 2.359854 -0.001495 4.494967 2.296833 0.165236 4.502185 2.391022 -0.226578 3.935215 2.165389 -0.418900 3.563927 2.121817 0.748731 4.501711 2.503397 0.998864 4.502032 2.350114 0.698505 2.800000 2.031865 -0.193768 3.191516 2.077968 0.488988 4.392141 2.216975 0.495758 4.468862 2.223557 0.414771 4.494557 2.229367 0.400832 4.304987 2.208696 0.329504 4.460324 2.222796 0.459481 4.057723 2.179744 0.415910 3.563927 2.121817 0.223588 3.935215 2.165389 0.748631 4.500950 2.238694 0.996960 4.491248 2.227673 0.876828 3.810497 2.150777 0.575323 3.191516 2.077968 -0.728946 4.329631 2.211206 -0.742558 4.432476 2.220407 -0.625396 4.490037 2.227201 -0.817069 4.115143 2.186496 -0.459927 4.501216 2.240662 -0.293141 4.499597 2.318441 -0.501419 4.499140 2.258920 -0.595158 4.215876 2.198449 -0.251373 4.497234 2.307008 -0.001495 4.500321 2.236312 -0.112528 4.496019 2.302047 -0.112450 4.492039 2.228018 -0.168201 4.501323 2.242759 -0.140358 4.498951 2.233551 -0.175539 4.295624 2.207702 -0.001495 4.442612 2.221266 -0.001495 4.257206 2.203389 -0.251000 4.488775 2.226768 0.109460 4.492039 2.228018 0.109538 4.496019 2.302047 -0.001495 4.477898 2.224520 0.137368 4.498951 2.233551 0.165211 4.501323 2.242759 0.248383 4.497234 2.307008 0.290151 4.499597 2.318441 -0.109920 3.748606 2.143516 0.248010 4.488775 2.226768 0.172549 4.295624 2.207702 0.456937 4.501216 2.240662 0.498429 4.499140 2.258920 0.725956 4.329631 2.211206 0.739568 4.432476 2.220407 0.618841 4.457715 2.222567 0.592168 4.215876 2.198449 0.568062 3.997318 2.172661 0.814079 4.115143 2.186496 -0.689260 4.502180 2.381027 -0.748197 4.475080 2.224176 -0.688665 4.497279 2.231513 -0.501611 4.501315 2.242396 -0.479897 4.490956 2.227554 -0.501219 4.496870 2.231122 -0.348787 4.501144 2.247004 -0.313932 4.498853 2.260217 -0.272111 4.495446 2.275493 -0.293229 4.501305 2.244460 -0.251387 4.497554 2.265851 -0.209757 4.498049 2.232347 -0.001495 4.492136 2.228063 0.206767 4.498049 2.232347 0.248397 4.497554 2.265851 0.269121 4.495446 2.275493 0.310942 4.498853 2.260217 0.290239 4.501305 2.244460 0.345797 4.501144 2.247004 0.686270 4.502180 2.381027 0.498621 4.501315 2.242396 0.498229 4.496870 2.231122 0.476907 4.490956 2.227554 0.684275 4.485739 2.225922 0.622406 4.490037 2.227201 0.745207 4.475080 2.224176 -0.657545 4.498277 2.311430 -0.564077 4.500823 2.238074 -0.750472 4.492270 2.228125 -0.594939 4.497077 2.231315 -0.531782 4.489726 2.227089 -0.490955 4.498571 2.233007 -0.470091 4.498137 2.232453 -0.383459 4.500286 2.236212 -0.313417 4.489518 2.227016 -0.341205 4.490553 2.227395 -0.272255 4.498459 2.232858 -0.251546 4.501146 2.239994 0.248556 4.501146 2.239994 0.269265 4.498459 2.232858 0.310427 4.489518 2.227016 0.338215 4.490553 2.227395 0.380469 4.500286 2.236212 0.467101 4.498137 2.232453 0.487965 4.498571 2.233007 0.528792 4.489726 2.227089 0.654555 4.498277 2.311430 0.561087 4.500823 2.238074 0.590724 4.485390 2.225839 0.591949 4.497077 2.231315 0.685675 4.497279 2.231513 0.747482 4.492270 2.228125 -0.641722 4.496478 2.270542 -0.548078 4.496974 2.231218 -0.516959 4.498226 2.232561 -0.345210 4.499417 2.234315 -0.358208 4.485334 2.225826 -0.331308 4.499177 2.233906 -0.314043 4.500868 2.238281 -0.303507 4.498654 2.233121 -0.251375 4.497283 2.231516 0.248385 4.497283 2.231516 0.300517 4.498654 2.233121 0.311053 4.500868 2.238281 0.328318 4.499177 2.233906 0.342220 4.499417 2.234315 0.355218 4.485334 2.225826 0.513969 4.498226 2.232561 0.576174 4.495532 2.230028 0.545088 4.496974 2.231218 0.638732 4.496478 2.270542 -0.665682 4.501061 2.247850 -0.634455 4.501319 2.242570 -0.618800 4.501081 2.247653 -0.525054 4.501318 2.242485 -0.313828 4.496975 2.231219 0.310838 4.496975 2.231219 0.522064 4.501318 2.242485 0.615810 4.501081 2.247653 0.631465 4.501319 2.242570 0.662692 4.501061 2.247850 -0.645964 4.499451 2.234375 -0.630219 4.498356 2.232725 -0.622525 4.499416 2.234313 -0.528676 4.498248 2.232589 0.525686 4.498248 2.232589 0.619535 4.499416 2.234313 0.627229 4.498356 2.232725 0.642974 4.499451 2.234375 0.674100 4.498442 2.232836 0.698505 1.000000 2.031865 0.998505 0.872727 2.231865 0.698505 2.800000 -1.338135 0.698505 1.000000 -1.338135 -0.701495 2.800000 -1.338135 -0.701495 1.000000 -1.338135 -0.235700 8.422252 0.804847 -0.237346 8.443388 0.812057 -0.239997 8.462349 0.823672 -0.243520 8.478183 0.839109 -0.247739 8.490097 0.857595 -0.252443 8.497493 0.878201 -0.461370 8.443388 0.733668 -0.466539 8.462349 0.744402 -0.473409 8.478183 0.758668 -0.481636 8.490097 0.775751 -0.490806 8.497493 0.794794 -0.662334 8.443388 0.607394 -0.669762 8.462349 0.616708 -0.679634 8.478183 0.629088 -0.691456 8.490097 0.643912 -0.704634 8.497493 0.660437 -0.839475 8.462349 0.446995 -0.851855 8.478183 0.456867 -0.867691 8.422252 0.376620 -0.866679 8.490097 0.468689 -0.873778 8.443388 0.380822 -0.883204 8.497493 0.481867 -0.883583 8.462349 0.387589 -0.896614 8.478183 0.396584 -0.912219 8.490097 0.407355 -0.929613 8.497493 0.419362 -0.949771 8.422252 0.235394 -0.956435 8.443388 0.238603 -0.967169 8.462349 0.243772 -0.981435 8.478183 0.250642 -0.998518 8.490097 0.258869 -0.985606 8.422252 0.151952 -1.017561 8.497493 0.268040 -0.992522 8.443388 0.154575 -1.003661 8.462349 0.158800 -1.018466 8.478183 0.164414 -1.036195 8.490097 0.171138 -1.055958 8.497493 0.178633 -1.027614 8.422252 0.012933 -1.034824 8.443388 0.014579 -1.046439 8.462349 0.017230 -1.061876 8.478183 0.020753 -1.080362 8.490097 0.024972 -1.100968 8.497493 0.029676 -1.046328 8.422252 -0.094406 -1.053670 8.443388 -0.093515 -1.065497 8.462349 -0.092079 -1.081216 8.478183 -0.090170 -1.100038 8.490097 -0.087885 -1.121020 8.497493 -0.085337 -1.054002 8.422252 -0.221272 -1.061398 8.443388 -0.221272 -1.073312 8.462349 -0.221272 -1.089146 8.478183 -0.221272 -1.108107 8.490097 -0.221272 -1.129243 8.497493 -0.221272 -1.046328 8.422252 -0.348138 -1.053670 8.443388 -0.349029 -1.065497 8.462349 -0.350465 -1.081216 8.478183 -0.352374 -1.100038 8.490097 -0.354659 -1.121020 8.497493 -0.357207 -1.027614 8.422252 -0.455477 -1.034824 8.443388 -0.457123 -1.046439 8.462349 -0.459774 -1.061876 8.478183 -0.463297 -1.080362 8.490097 -0.467516 -1.100968 8.497493 -0.472219 -0.985606 8.422252 -0.594496 -0.992522 8.443388 -0.597119 -1.003661 8.462349 -0.601343 -1.018466 8.478183 -0.606958 -1.036195 8.490097 -0.613682 -0.949771 8.422252 -0.677938 -1.055958 8.497493 -0.621177 -0.956435 8.443388 -0.681147 -0.967169 8.462349 -0.686316 -0.981435 8.478183 -0.693186 -0.998518 8.490097 -0.701413 -1.017561 8.497493 -0.710583 -0.867691 8.422252 -0.819164 -0.873778 8.443388 -0.823366 -0.883583 8.462349 -0.830133 -0.896614 8.478183 -0.839128 -0.824378 8.422252 -0.877499 -0.912219 8.490097 -0.849899 -0.830161 8.443388 -0.882111 -0.929613 8.497493 -0.861906 -0.839475 8.462349 -0.889539 -0.851855 8.478183 -0.899411 -0.866679 8.490097 -0.911233 -0.883204 8.497493 -0.924411 -0.699436 8.422252 -1.009085 -0.704341 8.443388 -1.014621 -0.712241 8.462349 -1.023538 -0.722741 8.478183 -1.035390 -0.735314 8.490097 -1.049583 -0.749330 8.497493 -1.065403 -0.490619 8.422252 -1.153221 -0.494057 8.443388 -1.159769 -0.499593 8.462349 -1.170318 -0.506952 8.478183 -1.184339 -0.515763 8.490097 -1.201128 -0.525586 8.497493 -1.219843 -0.253376 8.422252 -1.243195 -0.255146 8.443388 -1.250376 -0.257998 8.462349 -1.261944 -0.261787 8.478183 -1.277318 -0.266324 8.490097 -1.295727 -0.271383 8.497493 -1.316249 0.800564 8.050001 -0.898916 0.932606 8.050001 -0.700808 1.016624 8.050001 -0.478046 1.048299 8.050001 -0.242083 1.026001 8.050001 -0.005050 0.950877 8.050001 0.220867 0.826790 8.050001 0.424052 0.660119 8.050001 0.594060 0.459433 8.050001 0.722150 0.235050 8.050001 0.801737 -0.748388 7.900000 0.065347 -0.681401 7.900000 -0.642850 -0.759699 7.900000 -0.476470 -0.797940 7.900000 -0.296607 -0.794102 7.900000 -0.112763 0.448092 7.900000 -0.882991 0.285124 7.900000 -0.968165 0.107014 7.900000 -1.013879 -0.076830 7.900000 -1.017717 -0.256693 7.900000 -0.979476 -0.423073 7.900000 -0.901178 -0.567180 7.900000 -0.786957 -0.663214 7.900000 0.228315 0.527530 7.900000 0.378838 0.660224 7.900000 -0.670859 0.189321 7.900000 0.555638 0.369123 7.900000 0.487701 0.655400 7.900000 0.235334 0.745350 7.900000 0.065473 0.792189 7.900000 -0.120941 0.793212 7.900000 -0.313147 0.748361 7.900000 -0.500049 0.407586 7.739498 -1.129452 0.587422 7.747180 -1.022321 0.402827 7.777260 -1.118888 0.575595 7.791424 -1.010494 0.355368 7.739498 -1.151211 0.393292 7.818303 -1.097720 0.556876 7.830472 -0.991775 0.351217 7.777260 -1.140394 0.380149 7.852620 -1.068541 0.532151 7.862097 -0.967049 0.342899 7.818303 -1.118719 0.364155 7.878448 -1.033032 0.502827 7.884757 -0.937726 0.476036 7.896098 -0.910935 0.331433 7.852620 -1.088840 0.207712 7.739498 -1.195115 0.346148 7.894527 -0.993057 0.317480 7.878448 -1.052481 0.205278 7.777260 -1.183787 0.133606 7.739498 -1.208128 0.301772 7.894527 -1.011548 0.200402 7.818303 -1.161089 0.132035 7.777260 -1.196649 0.193681 7.852620 -1.129800 0.128886 7.818303 -1.173647 0.185501 7.878448 -1.091724 -0.001495 7.739498 -1.217333 0.124545 7.852620 -1.141940 0.176292 7.894527 -1.048858 -0.001495 7.777260 -1.205747 0.119263 7.878448 -1.103356 -0.095293 7.739498 -1.212907 -0.244119 7.700000 -1.191392 -0.001495 7.818303 -1.182531 0.113316 7.894527 -1.059917 -0.094201 7.777260 -1.201372 -0.001495 7.852620 -1.150528 -0.092015 7.818303 -1.178259 -0.001495 7.878448 -1.111583 -0.089002 7.852620 -1.146398 -0.243163 7.739498 -1.187571 -0.001495 7.894527 -1.067739 -0.240352 7.777260 -1.176331 -0.085334 7.878448 -1.107627 -0.319236 7.739498 -1.165294 -0.472244 7.700000 -1.103539 -0.234719 7.818303 -1.153809 -0.081206 7.894527 -1.063978 -0.315540 7.777260 -1.154313 -0.226955 7.852620 -1.122762 -0.308134 7.818303 -1.132310 -0.217506 7.878448 -1.084981 -0.297925 7.852620 -1.101979 -0.470389 7.739498 -1.100064 -0.206868 7.894527 -1.042447 -0.285502 7.878448 -1.065070 -0.464935 7.777260 -1.089842 -0.526392 7.739498 -1.067806 -0.672237 7.700000 -0.962963 -0.271516 7.894527 -1.023516 -0.454006 7.818303 -1.069359 -0.520287 7.777260 -1.057959 -0.438941 7.852620 -1.041124 -0.508052 7.818303 -1.038228 -0.420608 7.878448 -1.006765 -0.491188 7.852620 -1.011030 -0.669595 7.739498 -0.960041 -0.399968 7.894527 -0.968083 -0.470665 7.878448 -0.977932 -0.661824 7.777260 -0.951448 -0.447560 7.894527 -0.940669 -0.646252 7.818303 -0.934229 -0.624786 7.852620 -0.910492 -0.598664 7.878448 -0.881608 -0.828875 7.739498 -0.775870 -0.832147 7.700000 -0.778063 -0.569256 7.894527 -0.849089 -0.819251 7.777260 -0.769419 -0.799967 7.818303 -0.756492 -0.773384 7.852620 -0.738674 -0.741034 7.878448 -0.716990 -0.938712 7.739498 -0.558557 -0.942419 7.700000 -0.559891 -0.704615 7.894527 -0.692578 -0.927811 7.777260 -0.554633 -0.905966 7.818303 -0.546772 -0.875854 7.852620 -0.535935 -0.839210 7.878448 -0.522748 -0.992542 7.739498 -0.321088 -0.996461 7.700000 -0.321482 -0.797956 7.894527 -0.507902 -0.981014 7.777260 -0.319926 -0.957915 7.818303 -0.317600 -0.926073 7.852620 -0.314393 -0.887325 7.878448 -0.310490 -0.988351 7.739498 -0.086170 -0.991046 7.700000 -0.077085 -0.843702 7.894527 -0.306097 -0.976872 7.777260 -0.087742 -0.953870 7.818303 -0.090891 -0.922163 7.852620 -0.095232 -0.883579 7.878448 -0.100514 -0.931434 7.739498 0.135591 -0.926495 7.700000 0.158695 -0.840140 7.894527 -0.106461 -0.920617 7.777260 0.131440 -0.898942 7.818303 0.123122 -0.869064 7.852620 0.111656 -0.832705 7.878448 0.097704 -0.825385 7.739498 0.338498 -0.806668 7.700000 0.371769 -0.803784 7.739480 0.368885 -0.795447 7.777193 0.360548 -0.791771 7.894527 0.081995 -0.815802 7.777260 0.331987 -0.778906 7.818261 0.344007 -0.796599 7.818303 0.318940 -0.756019 7.852607 0.321120 -0.770128 7.852620 0.300955 -0.728066 7.878335 0.293167 -0.737915 7.878448 0.279068 -0.696615 7.894433 0.261716 -0.701649 7.894527 0.254429 -0.806668 7.500000 0.371769 -0.672237 7.500000 0.520419 -0.743186 7.500000 0.449470 -0.594536 7.500000 0.583901 0.236086 7.739498 0.746040 0.233322 7.777260 0.734788 0.227785 7.818303 0.712242 0.220151 7.852620 0.681163 0.210862 7.878448 0.643343 0.459952 7.739498 0.661453 0.200405 7.894527 0.600764 0.454585 7.777260 0.651185 0.443829 7.818303 0.630611 0.429003 7.852620 0.602250 0.410962 7.878448 0.567736 0.657182 7.739498 0.525911 0.390650 7.894527 0.528881 0.649520 7.777260 0.517220 0.634168 7.818303 0.499805 0.613005 7.852620 0.475798 0.587252 7.878448 0.446584 0.816389 7.739498 0.347238 0.558258 7.894527 0.413695 0.806875 7.777260 0.340625 0.787812 7.818303 0.327374 0.761534 7.852620 0.309108 0.729556 7.878448 0.286880 0.928384 7.739498 0.135747 0.693555 7.894527 0.261856 0.917568 7.777260 0.131594 0.895894 7.818303 0.123273 0.866018 7.852620 0.111802 0.829661 7.878448 0.097843 0.986702 7.739498 -0.096353 0.788730 7.894527 0.082128 0.975207 7.777260 -0.097806 0.952174 7.818303 -0.100717 0.920424 7.852620 -0.104731 0.881787 7.878448 -0.109615 0.987976 7.739498 -0.335663 0.838289 7.894527 -0.115114 0.976466 7.777260 -0.334333 0.953404 7.818303 -0.331666 0.921613 7.852620 -0.327991 0.882926 7.878448 -0.323519 0.932132 7.739498 -0.568371 0.839372 7.894527 -0.318483 0.921272 7.777260 -0.564333 0.899511 7.818303 -0.556243 0.869515 7.852620 -0.545091 0.833011 7.878448 -0.531520 0.822395 7.739498 -0.781042 0.800794 7.739480 -0.811429 0.792457 7.777193 -0.803092 0.791915 7.894527 -0.516242 0.812812 7.777260 -0.774530 0.775916 7.818261 -0.786550 0.793609 7.818303 -0.761483 0.753029 7.852607 -0.763664 0.767138 7.852620 -0.743498 0.725076 7.878335 -0.735711 0.734925 7.878448 -0.721612 0.693625 7.894433 -0.704260 0.698659 7.894527 -0.696973 -0.240811 7.000000 -1.192214 -0.466218 7.000000 -1.106728 -0.664618 7.000000 -0.969783 -0.824479 7.000000 -0.789337 -0.936511 7.000000 -0.575877 -0.994204 7.000000 -0.341809 -0.994204 7.000000 -0.100735 -0.936511 7.000000 0.133333 -0.824479 7.000000 0.346793 -0.664618 7.000000 0.527239 -0.466218 7.000000 0.664184 -0.240811 7.000000 0.749670 0.249786 7.000000 -1.240761 0.486464 7.000000 -1.151001 0.694784 7.000000 -1.007208 0.862638 7.000000 -0.817740 0.980272 7.000000 -0.593607 1.040849 7.000000 -0.347835 1.040849 7.000000 -0.094708 0.249786 7.000000 0.798217 0.980272 7.000000 0.151063 0.486464 7.000000 0.708457 0.862638 7.000000 0.375196 0.694784 7.000000 0.564664 0.398505 -2.600000 -0.253135 0.398505 -2.600000 0.246865 -0.401495 -2.600000 0.246865 0.107329 -3.400000 0.246865 -0.110319 -3.400000 0.246865 -0.401495 -2.600000 -0.253135 -0.110319 -3.400000 -0.253135 0.107329 -3.400000 -0.253135 -0.301495 1.710000 -2.838135 -0.301495 2.210000 -2.549460 0.298505 1.710000 -2.838135 0.298505 2.210000 -2.549460 1.538505 0.872727 2.231865 1.538491 4.500080 2.680785 1.538146 4.502032 2.350114 1.540050 4.491248 2.227673 1.838505 1.000000 2.031865 1.660182 3.810497 2.150777 1.838505 2.800000 2.031865 2.038545 4.499549 2.857884 3.038465 4.499549 2.857884 3.538519 4.500080 2.680785 2.538505 4.501434 2.534586 1.788278 4.501711 2.503397 1.788379 4.500950 2.238694 2.048022 4.392141 2.216975 2.122239 4.494557 2.229367 2.041253 4.468862 2.223557 2.371774 4.502185 2.391022 2.427352 4.502141 2.359854 2.077530 4.057723 2.179744 2.136178 4.304987 2.208696 2.207506 4.460324 2.222796 1.961687 3.191516 2.077968 2.649658 4.502141 2.359854 2.538505 4.494967 2.296833 2.705236 4.502185 2.391022 2.313422 3.935215 2.165389 2.121100 3.563927 2.121817 3.288732 4.501711 2.503397 3.538864 4.502032 2.350114 3.238505 2.800000 2.031865 2.346232 3.191516 2.077968 3.028988 4.392141 2.216975 3.035758 4.468862 2.223557 2.954772 4.494557 2.229367 2.940833 4.304987 2.208696 2.869504 4.460324 2.222796 2.999481 4.057723 2.179744 2.955910 3.563927 2.121817 2.763588 3.935215 2.165389 3.288631 4.500950 2.238694 3.536961 4.491248 2.227673 3.416828 3.810497 2.150777 3.115323 3.191516 2.077968 1.811054 4.329631 2.211206 1.797442 4.432476 2.220407 1.914604 4.490037 2.227201 1.722932 4.115143 2.186496 2.080073 4.501216 2.240662 2.246859 4.499597 2.318441 2.038581 4.499140 2.258920 1.944842 4.215876 2.198449 2.288627 4.497234 2.307008 2.538505 4.500321 2.236312 2.427472 4.496019 2.302047 2.427550 4.492039 2.228018 2.371799 4.501323 2.242759 2.399642 4.498951 2.233551 2.364461 4.295624 2.207702 2.538505 4.442612 2.221266 2.538505 4.257206 2.203389 2.289000 4.488775 2.226768 2.649538 4.496019 2.302047 2.649460 4.492039 2.228018 2.538505 4.477898 2.224520 2.677368 4.498951 2.233551 2.705211 4.501323 2.242759 2.788383 4.497234 2.307008 2.830151 4.499597 2.318441 2.430080 3.748606 2.143516 2.712549 4.295624 2.207702 2.788010 4.488775 2.226768 2.996937 4.501216 2.240662 3.038429 4.499140 2.258920 3.265956 4.329631 2.211206 3.279568 4.432476 2.220407 3.158841 4.457715 2.222567 3.132168 4.215876 2.198449 3.354079 4.115143 2.186496 1.850740 4.502180 2.381027 1.791803 4.475080 2.224176 1.851335 4.497279 2.231513 2.038389 4.501315 2.242396 2.060103 4.490956 2.227554 2.038781 4.496870 2.231122 2.191213 4.501144 2.247004 2.226068 4.498853 2.260217 2.267889 4.495446 2.275493 2.246771 4.501305 2.244460 2.288613 4.497554 2.265851 2.330244 4.498049 2.232347 2.538505 4.492136 2.228063 2.746767 4.498049 2.232347 2.788397 4.497554 2.265851 2.809121 4.495446 2.275493 2.850942 4.498853 2.260217 2.830239 4.501305 2.244460 2.885798 4.501144 2.247004 3.226270 4.502180 2.381027 3.038621 4.501315 2.242396 3.038229 4.496870 2.231122 3.016907 4.490956 2.227554 3.225675 4.497279 2.231513 3.285207 4.475080 2.224176 1.882455 4.498277 2.311430 1.975923 4.500823 2.238074 1.789528 4.492270 2.228125 1.945061 4.497077 2.231315 2.008218 4.489726 2.227089 2.049045 4.498571 2.233007 2.069909 4.498137 2.232453 2.156541 4.500286 2.236212 2.226583 4.489518 2.227016 2.198795 4.490553 2.227395 2.267745 4.498459 2.232858 2.288455 4.501146 2.239994 2.788556 4.501146 2.239994 2.809265 4.498459 2.232858 2.850427 4.489518 2.227016 2.878216 4.490553 2.227395 2.920469 4.500286 2.236212 3.007101 4.498137 2.232453 3.027965 4.498571 2.233007 3.068792 4.489726 2.227089 3.194556 4.498277 2.311430 3.101087 4.500823 2.238074 3.131949 4.497077 2.231315 3.130724 4.485390 2.225839 3.162406 4.490037 2.227201 3.287482 4.492270 2.228125 1.898278 4.496478 2.270542 1.991922 4.496974 2.231218 2.023041 4.498226 2.232561 2.194790 4.499417 2.234315 2.181792 4.485334 2.225826 2.208692 4.499177 2.233906 2.225957 4.500868 2.238281 2.236494 4.498654 2.233121 2.288625 4.497283 2.231516 2.788385 4.497283 2.231516 2.840517 4.498654 2.233121 2.851053 4.500868 2.238281 2.868318 4.499177 2.233906 2.882220 4.499417 2.234315 2.895218 4.485334 2.225826 3.053969 4.498226 2.232561 3.116174 4.495532 2.230028 3.085088 4.496974 2.231218 3.178732 4.496478 2.270542 1.874318 4.501061 2.247850 1.905545 4.501319 2.242570 1.921200 4.501081 2.247653 2.014946 4.501318 2.242485 2.226172 4.496975 2.231219 2.850838 4.496975 2.231219 3.062064 4.501318 2.242485 3.155810 4.501081 2.247653 3.171465 4.501319 2.242570 3.202692 4.501061 2.247850 1.894036 4.499451 2.234375 1.909781 4.498356 2.232725 1.917475 4.499416 2.234313 2.011324 4.498248 2.232589 3.065686 4.498248 2.232589 3.159535 4.499416 2.234313 3.167229 4.498356 2.232725 3.182974 4.499451 2.234375 3.238505 1.000000 2.031865 3.538505 0.872727 2.231865 3.238505 2.800000 -1.338135 3.238505 1.000000 -1.338135 1.838505 2.800000 -1.338135 1.838505 1.000000 -1.338135 2.304300 8.422252 0.804847 2.302655 8.443388 0.812057 2.300004 8.462349 0.823672 2.296480 8.478183 0.839109 2.292261 8.490097 0.857595 2.287558 8.497493 0.878201 2.078630 8.443388 0.733668 2.073461 8.462349 0.744402 2.066591 8.478183 0.758668 2.058364 8.490097 0.775751 2.049194 8.497493 0.794794 1.877666 8.443388 0.607394 1.870238 8.462349 0.616708 1.860366 8.478183 0.629088 1.848544 8.490097 0.643912 1.835366 8.497493 0.660437 1.700525 8.462349 0.446995 1.688145 8.478183 0.456867 1.672309 8.422252 0.376620 1.673321 8.490097 0.468689 1.666222 8.443388 0.380822 1.656796 8.497493 0.481867 1.656417 8.462349 0.387589 1.643386 8.478183 0.396584 1.627782 8.490097 0.407355 1.610387 8.497493 0.419362 1.590229 8.422252 0.235394 1.583565 8.443388 0.238603 1.572831 8.462349 0.243772 1.558565 8.478183 0.250642 1.541482 8.490097 0.258869 1.554394 8.422252 0.151952 1.522439 8.497493 0.268040 1.547478 8.443388 0.154575 1.536339 8.462349 0.158800 1.521534 8.478183 0.164414 1.503805 8.490097 0.171138 1.484042 8.497493 0.178633 1.512386 8.422252 0.012933 1.505176 8.443388 0.014579 1.493561 8.462349 0.017230 1.478124 8.478183 0.020753 1.459638 8.490097 0.024972 1.439032 8.497493 0.029676 1.493672 8.422252 -0.094406 1.486330 8.443388 -0.093515 1.474503 8.462349 -0.092079 1.458784 8.478183 -0.090170 1.439962 8.490097 -0.087885 1.418980 8.497493 -0.085337 1.485998 8.422252 -0.221272 1.478602 8.443388 -0.221272 1.466688 8.462349 -0.221272 1.450854 8.478183 -0.221272 1.431893 8.490097 -0.221272 1.410757 8.497493 -0.221272 1.493672 8.422252 -0.348138 1.486330 8.443388 -0.349029 1.474503 8.462349 -0.350465 1.458784 8.478183 -0.352374 1.439962 8.490097 -0.354659 1.418980 8.497493 -0.357207 1.512386 8.422252 -0.455477 1.505176 8.443388 -0.457123 1.493561 8.462349 -0.459774 1.478124 8.478183 -0.463297 1.459638 8.490097 -0.467516 1.439032 8.497493 -0.472219 1.554394 8.422252 -0.594496 1.547478 8.443388 -0.597119 1.536339 8.462349 -0.601343 1.521534 8.478183 -0.606958 1.503805 8.490097 -0.613682 1.590229 8.422252 -0.677938 1.484042 8.497493 -0.621177 1.583565 8.443388 -0.681147 1.572831 8.462349 -0.686316 1.558565 8.478183 -0.693186 1.541482 8.490097 -0.701413 1.522439 8.497493 -0.710583 1.672309 8.422252 -0.819164 1.666222 8.443388 -0.823366 1.656417 8.462349 -0.830133 1.643386 8.478183 -0.839128 1.715622 8.422252 -0.877499 1.627782 8.490097 -0.849899 1.709839 8.443388 -0.882111 1.610387 8.497493 -0.861906 1.700525 8.462349 -0.889539 1.688145 8.478183 -0.899411 1.673321 8.490097 -0.911233 1.656796 8.497493 -0.924411 1.840564 8.422252 -1.009085 1.835659 8.443388 -1.014621 1.827759 8.462349 -1.023538 1.817259 8.478183 -1.035390 1.804686 8.490097 -1.049583 1.790670 8.497493 -1.065403 2.049381 8.422252 -1.153221 2.045943 8.443388 -1.159769 2.040407 8.462349 -1.170318 2.033048 8.478183 -1.184339 2.024237 8.490097 -1.201128 2.014415 8.497493 -1.219843 2.286624 8.422252 -1.243195 2.284854 8.443388 -1.250376 2.282002 8.462349 -1.261944 2.278213 8.478183 -1.277318 2.273676 8.490097 -1.295727 2.268617 8.497493 -1.316249 3.340564 8.050001 -0.898916 3.472606 8.050001 -0.700808 3.556624 8.050001 -0.478046 3.588299 8.050001 -0.242083 3.566001 8.050001 -0.005050 3.490878 8.050001 0.220867 3.366790 8.050001 0.424052 3.200119 8.050001 0.594060 2.999433 8.050001 0.722150 2.775050 8.050001 0.801737 1.742060 7.900000 -0.296607 1.858599 7.900000 -0.642850 1.780300 7.900000 -0.476470 2.825124 7.900000 -0.968165 2.647014 7.900000 -1.013879 2.463170 7.900000 -1.017717 2.283307 7.900000 -0.979476 2.116927 7.900000 -0.901178 1.972820 7.900000 -0.786957 1.791612 7.900000 0.065347 1.745898 7.900000 -0.112763 1.876786 7.900000 0.228315 2.988092 7.900000 -0.882991 3.195400 7.900000 0.235334 3.285350 7.900000 0.065473 3.332189 7.900000 -0.120941 3.067530 7.900000 0.378838 3.200224 7.900000 -0.670859 2.729321 7.900000 0.555638 2.909123 7.900000 0.487701 3.333212 7.900000 -0.313147 3.288361 7.900000 -0.500049 2.947586 7.739498 -1.129452 3.127422 7.747180 -1.022321 2.942827 7.777260 -1.118888 3.115595 7.791424 -1.010494 2.895368 7.739498 -1.151211 2.933293 7.818303 -1.097720 3.096876 7.830472 -0.991775 2.891217 7.777260 -1.140394 2.920149 7.852620 -1.068541 3.072151 7.862097 -0.967049 2.882899 7.818303 -1.118719 2.904155 7.878448 -1.033032 3.042827 7.884757 -0.937726 3.016036 7.896098 -0.910935 2.871433 7.852620 -1.088840 2.747712 7.739498 -1.195115 2.886148 7.894527 -0.993057 2.857481 7.878448 -1.052481 2.745279 7.777260 -1.183787 2.673607 7.739498 -1.208128 2.841772 7.894527 -1.011548 2.740402 7.818303 -1.161089 2.672035 7.777260 -1.196649 2.733681 7.852620 -1.129800 2.668886 7.818303 -1.173647 2.725501 7.878448 -1.091724 2.538505 7.739498 -1.217333 2.664546 7.852620 -1.141940 2.716292 7.894527 -1.048858 2.538505 7.777260 -1.205747 2.659263 7.878448 -1.103356 2.444708 7.739498 -1.212907 2.295881 7.700000 -1.191392 2.538505 7.818303 -1.182531 2.653316 7.894527 -1.059917 2.445799 7.777260 -1.201372 2.538505 7.852620 -1.150528 2.447985 7.818303 -1.178259 2.538505 7.878448 -1.111583 2.450999 7.852620 -1.146398 2.296837 7.739498 -1.187571 2.538505 7.894527 -1.067739 2.299648 7.777260 -1.176331 2.454666 7.878448 -1.107627 2.220764 7.739498 -1.165294 2.067756 7.700000 -1.103539 2.305281 7.818303 -1.153809 2.458795 7.894527 -1.063978 2.224460 7.777260 -1.154313 2.313046 7.852620 -1.122762 2.231866 7.818303 -1.132310 2.322494 7.878448 -1.084981 2.242075 7.852620 -1.101979 2.069611 7.739498 -1.100064 2.333132 7.894527 -1.042447 2.254498 7.878448 -1.065070 2.075065 7.777260 -1.089842 2.013608 7.739498 -1.067806 1.867763 7.700000 -0.962963 2.268484 7.894527 -1.023516 2.085994 7.818303 -1.069359 2.019714 7.777260 -1.057959 2.101059 7.852620 -1.041124 2.031948 7.818303 -1.038228 2.119392 7.878448 -1.006765 2.048812 7.852620 -1.011030 1.870405 7.739498 -0.960041 2.140032 7.894527 -0.968083 2.069335 7.878448 -0.977932 1.878176 7.777260 -0.951448 2.092440 7.894527 -0.940669 1.893748 7.818303 -0.934229 1.915214 7.852620 -0.910492 1.941336 7.878448 -0.881608 1.711125 7.739498 -0.775870 1.707853 7.700000 -0.778063 1.970744 7.894527 -0.849089 1.720749 7.777260 -0.769419 1.740033 7.818303 -0.756492 1.766616 7.852620 -0.738674 1.798966 7.878448 -0.716990 1.601288 7.739498 -0.558557 1.597581 7.700000 -0.559891 1.835385 7.894527 -0.692578 1.612189 7.777260 -0.554633 1.634034 7.818303 -0.546772 1.664146 7.852620 -0.535935 1.700790 7.878448 -0.522748 1.547458 7.739498 -0.321088 1.543539 7.700000 -0.321482 1.742044 7.894527 -0.507902 1.558986 7.777260 -0.319926 1.582085 7.818303 -0.317600 1.613927 7.852620 -0.314393 1.652675 7.878448 -0.310490 1.551649 7.739498 -0.086170 1.548954 7.700000 -0.077085 1.696298 7.894527 -0.306097 1.563128 7.777260 -0.087742 1.586130 7.818303 -0.090891 1.617837 7.852620 -0.095232 1.656421 7.878448 -0.100514 1.608566 7.739498 0.135591 1.613505 7.700000 0.158695 1.699860 7.894527 -0.106461 1.619383 7.777260 0.131440 1.641058 7.818303 0.123122 1.670936 7.852620 0.111656 1.707295 7.878448 0.097704 1.714615 7.739498 0.338498 1.733332 7.700000 0.371769 1.736216 7.739480 0.368885 1.744553 7.777193 0.360548 1.748229 7.894527 0.081995 1.724198 7.777260 0.331987 1.761094 7.818261 0.344007 1.743401 7.818303 0.318940 1.783981 7.852607 0.321120 1.769872 7.852620 0.300955 1.811934 7.878335 0.293167 1.802085 7.878448 0.279068 1.843385 7.894433 0.261716 1.838351 7.894527 0.254429 1.733332 7.500000 0.371769 1.867763 7.500000 0.520419 1.796814 7.500000 0.449470 1.945464 7.500000 0.583901 2.776086 7.739498 0.746040 2.773322 7.777260 0.734788 2.767785 7.818303 0.712242 2.760152 7.852620 0.681163 2.750863 7.878448 0.643343 2.999953 7.739498 0.661453 2.740405 7.894527 0.600764 2.994585 7.777260 0.651185 2.983829 7.818303 0.630611 2.969004 7.852620 0.602250 2.950962 7.878448 0.567736 3.197182 7.739498 0.525911 2.930650 7.894527 0.528881 3.189520 7.777260 0.517220 3.174168 7.818303 0.499805 3.153005 7.852620 0.475798 3.127252 7.878448 0.446584 3.356389 7.739498 0.347238 3.098258 7.894527 0.413695 3.346876 7.777260 0.340625 3.327812 7.818303 0.327374 3.301534 7.852620 0.309108 3.269557 7.878448 0.286880 3.468384 7.739498 0.135747 3.233555 7.894527 0.261856 3.457568 7.777260 0.131594 3.435894 7.818303 0.123273 3.406018 7.852620 0.111802 3.369661 7.878448 0.097843 3.526702 7.739498 -0.096353 3.328730 7.894527 0.082128 3.515207 7.777260 -0.097806 3.492174 7.818303 -0.100717 3.460424 7.852620 -0.104731 3.421787 7.878448 -0.109615 3.527976 7.739498 -0.335663 3.378289 7.894527 -0.115114 3.516466 7.777260 -0.334333 3.493404 7.818303 -0.331666 3.461613 7.852620 -0.327991 3.422926 7.878448 -0.323519 3.472132 7.739498 -0.568371 3.379372 7.894527 -0.318483 3.461272 7.777260 -0.564333 3.439512 7.818303 -0.556243 3.409515 7.852620 -0.545091 3.373011 7.878448 -0.531520 3.362396 7.739498 -0.781042 3.340794 7.739480 -0.811429 3.332457 7.777193 -0.803092 3.331916 7.894527 -0.516242 3.352812 7.777260 -0.774530 3.315916 7.818261 -0.786550 3.333609 7.818303 -0.761483 3.293029 7.852607 -0.763664 3.307138 7.852620 -0.743498 3.265076 7.878335 -0.735711 3.274925 7.878448 -0.721612 3.233625 7.894433 -0.704260 3.238659 7.894527 -0.696973 2.299190 7.000000 -1.192214 2.073782 7.000000 -1.106728 1.875382 7.000000 -0.969783 1.715521 7.000000 -0.789337 1.603489 7.000000 -0.575877 1.545796 7.000000 -0.341809 1.545796 7.000000 -0.100735 1.603489 7.000000 0.133333 1.715521 7.000000 0.346793 1.875382 7.000000 0.527239 2.073782 7.000000 0.664184 2.299190 7.000000 0.749670 2.789787 7.000000 -1.240761 3.026464 7.000000 -1.151001 3.234784 7.000000 -1.007208 3.402638 7.000000 -0.817740 3.520272 7.000000 -0.593607 3.580849 7.000000 -0.347835 3.580849 7.000000 -0.094708 2.789787 7.000000 0.798217 3.520272 7.000000 0.151063 3.026464 7.000000 0.708457 3.402638 7.000000 0.375196 3.234784 7.000000 0.564664 2.938505 -2.600000 -0.253135 2.938505 -2.600000 0.246865 2.138505 -2.600000 0.246865 2.647329 -3.400000 0.246865 2.429681 -3.400000 0.246865 2.138505 -2.600000 -0.253135 2.429681 -3.400000 -0.253135 2.647329 -3.400000 -0.253135 2.238505 1.710000 -2.838135 2.238505 2.210000 -2.549460 2.838505 1.710000 -2.838135 2.838505 2.210000 -2.549460 "
							            />
						</IndexedFaceSet>
					</Shape>
					<Shape>
						<Appearance>
							<Material DEF="MA_Material_003"
							          diffuseColor="0.800 0.800 0.800"
							          specularColor="0.401 0.401 0.401"
							          emissiveColor="0.000 0.000 0.000"
							          ambientIntensity="0.000"
							          shininess="0.500"
							          transparency="0.0"
							          />
						</Appearance>
						<IndexedFaceSet solid="false"
						                coordIndex="615 616 617 -1 618 619 613 -1 620 621 619 -1 620 619 618 -1 622 623 621 -1 622 621 620 -1 624 625 623 -1 624 623 622 -1 626 627 625 -1 626 625 624 -1 631 632 633 -1 631 633 627 -1 631 627 626 -1 634 630 635 -1 634 620 618 -1 634 618 628 -1 634 628 630 -1 636 635 637 -1 636 620 634 -1 636 622 620 -1 636 634 635 -1 638 637 639 -1 638 624 622 -1 638 636 637 -1 638 622 636 -1 640 639 641 -1 640 626 624 -1 640 638 639 -1 640 624 638 -1 642 641 617 -1 642 616 632 -1 642 640 641 -1 642 632 631 -1 642 631 626 -1 642 617 616 -1 642 626 640 -1 1082 1083 1084 -1 1087 1088 1086 -1 1089 1090 1088 -1 1089 1088 1087 -1 1091 1092 1090 -1 1091 1090 1089 -1 1093 1094 1092 -1 1093 1092 1091 -1 1098 1099 1100 -1 1098 1100 1094 -1 1098 1094 1093 -1 1101 1097 1102 -1 1103 1102 1104 -1 1103 1087 1101 -1 1103 1089 1087 -1 1103 1101 1102 -1 1105 1104 1106 -1 1105 1091 1089 -1 1105 1103 1104 -1 1105 1089 1103 -1 1107 1106 1108 -1 1107 1093 1091 -1 1107 1105 1106 -1 1107 1091 1105 -1 1109 1108 1084 -1 1109 1083 1099 -1 1109 1107 1108 -1 1109 1099 1098 -1 1109 1098 1093 -1 1109 1084 1083 -1 1109 1093 1107 -1 1918 1919 1920 -1 1918 1920 1921 -1 1918 1921 1922 -1 1923 1924 1925 -1 1923 1925 1926 -1 1923 1926 1927 -1 1923 1927 1928 -1 1923 1928 1929 -1 1923 1929 1919 -1 1923 1919 1918 -1 1930 1923 1918 -1 1931 1932 1100 -1 1931 1100 1099 -1 1931 1099 1083 -1 1931 1083 1082 -1 1931 1082 1933 -1 1931 1933 1934 -1 1931 1935 1936 -1 1931 1936 1937 -1 1931 1937 1938 -1 1931 1938 1939 -1 1931 1939 1932 -1 1942 1943 1941 -1 1945 1946 1943 -1 1945 1943 1942 -1 1948 1949 1946 -1 1948 1946 1945 -1 1950 1942 1947 -1 1950 1945 1942 -1 1951 1952 1949 -1 1951 1953 1952 -1 1951 1949 1948 -1 1954 1948 1945 -1 1954 1945 1950 -1 1956 1923 1953 -1 1956 1924 1923 -1 1956 1953 1951 -1 1957 1951 1948 -1 1957 1948 1954 -1 1958 1944 1955 -1 1958 1947 1944 -1 1960 1951 1957 -1 1960 1924 1956 -1 1960 1956 1951 -1 1961 1947 1958 -1 1961 1950 1947 -1 1962 1955 1959 -1 1962 1958 1955 -1 1963 1950 1961 -1 1963 1954 1950 -1 1964 1958 1962 -1 1964 1961 1958 -1 1965 1957 1954 -1 1965 1954 1963 -1 1967 1961 1964 -1 1967 1963 1961 -1 1968 1957 1965 -1 1968 1925 1924 -1 1968 1960 1957 -1 1968 1924 1960 -1 1969 1959 1966 -1 1969 1962 1959 -1 1970 1965 1963 -1 1970 1963 1967 -1 1973 1964 1962 -1 1973 1962 1969 -1 1974 1968 1965 -1 1974 1965 1970 -1 1974 1925 1968 -1 1975 1969 1966 -1 1975 1966 1971 -1 1976 1967 1964 -1 1976 1964 1973 -1 1977 1973 1969 -1 1977 1969 1975 -1 1978 1967 1976 -1 1978 1970 1967 -1 1979 1976 1973 -1 1979 1973 1977 -1 1981 1926 1925 -1 1981 1925 1974 -1 1981 1974 1970 -1 1981 1970 1978 -1 1982 1975 1971 -1 1983 1976 1979 -1 1983 1978 1976 -1 1986 1977 1975 -1 1986 1975 1982 -1 1987 1926 1981 -1 1987 1981 1978 -1 1987 1978 1983 -1 1988 1986 1982 -1 1989 1979 1977 -1 1989 1977 1986 -1 1990 1986 1988 -1 1991 1983 1979 -1 1991 1979 1989 -1 1992 1989 1986 -1 1992 1986 1990 -1 1994 1927 1926 -1 1994 1926 1987 -1 1994 1983 1991 -1 1994 1987 1983 -1 1995 1991 1989 -1 1995 1989 1992 -1 1999 1927 1994 -1 1999 1991 1995 -1 1999 1994 1991 -1 2000 1990 1988 -1 2000 1988 1996 -1 2002 1992 1990 -1 2002 1990 2000 -1 2003 1996 2001 -1 2003 2000 1996 -1 2004 1995 1992 -1 2004 1992 2002 -1 2005 2002 2000 -1 2005 2000 2003 -1 2007 1999 1995 -1 2007 1928 1927 -1 2007 1995 2004 -1 2007 1927 1999 -1 2008 2004 2002 -1 2008 2002 2005 -1 2009 2001 2006 -1 2010 1928 2007 -1 2010 2007 2004 -1 2010 2004 2008 -1 2011 2003 2001 -1 2011 2001 2009 -1 2012 2005 2003 -1 2012 2003 2011 -1 2013 2008 2005 -1 2013 2005 2012 -1 2014 2009 2006 -1 2016 1929 1928 -1 2016 1928 2010 -1 2016 2010 2008 -1 2016 2013 1929 -1 2016 2008 2013 -1 2017 2009 2014 -1 2018 2009 2017 -1 2018 2011 2009 -1 2019 2012 2011 -1 2019 2011 2018 -1 2020 1929 2013 -1 2020 2013 2012 -1 2020 2012 2019 -1 2023 1919 1929 -1 2023 2020 1919 -1 2023 1929 2020 -1 2024 2017 2014 -1 2024 2014 2021 -1 2025 2018 2017 -1 2025 2017 2024 -1 2026 2019 2018 -1 2026 2020 2019 -1 2026 2018 2025 -1 2027 2020 2026 -1 2027 1919 2020 -1 2030 1920 1919 -1 2030 1919 2027 -1 2031 2021 2028 -1 2031 2024 2021 -1 2032 2024 2031 -1 2032 2025 2024 -1 2033 2025 2032 -1 2033 2026 2025 -1 2034 2027 2026 -1 2034 2026 2033 -1 2037 2030 2027 -1 2037 2027 2034 -1 2037 1921 1920 -1 2037 1920 2030 -1 2038 2028 2035 -1 2038 2031 2028 -1 2039 2032 2031 -1 2039 2031 2038 -1 2040 2032 2039 -1 2040 2033 2032 -1 2041 2034 2033 -1 2041 2033 2040 -1 2044 1921 2037 -1 2044 2034 2041 -1 2044 1922 1921 -1 2044 2037 2034 -1 2045 2038 2035 -1 2045 2042 2043 -1 2045 2035 2042 -1 2046 2038 2045 -1 2046 2039 2038 -1 2047 2041 2040 -1 2047 2040 2039 -1 2047 2039 2046 -1 2048 2044 2041 -1 2048 2041 2047 -1 2049 2043 2050 -1 2049 2051 2052 -1 2049 2050 2051 -1 2053 1918 1922 -1 2053 1930 1918 -1 2053 1922 2044 -1 2053 2044 2048 -1 2054 2045 2043 -1 2054 2052 2055 -1 2054 2043 2049 -1 2054 2049 2052 -1 2056 2046 2045 -1 2056 2055 2057 -1 2056 2045 2054 -1 2056 2054 2055 -1 2058 2057 2059 -1 2058 2046 2056 -1 2058 2056 2057 -1 2058 2047 2046 -1 2060 2059 2061 -1 2060 2048 2047 -1 2060 2058 2059 -1 2060 2047 2058 -1 2062 2060 2061 -1 2062 2061 1930 -1 2062 1930 2053 -1 2062 2053 2048 -1 2062 2048 2060 -1 2052 2051 2050 -1 2059 2057 2055 -1 2059 2055 2052 -1 2059 2052 2050 -1 2061 2059 2050 -1 1930 2050 2063 -1 1930 2061 2050 -1 1923 2063 1071 -1 1923 1930 2063 -1 1075 1923 1071 -1 1953 1923 1075 -1 1952 1953 1075 -1 1943 1075 1941 -1 1943 1952 1075 -1 1949 1952 1943 -1 1946 1949 1943 -1 2064 2063 2065 -1 2064 1071 2063 -1 1065 1067 1070 -1 2066 1070 1071 -1 2066 1071 2064 -1 2066 1065 1070 -1 1933 1082 1084 -1 2068 1102 1097 -1 2068 1097 2067 -1 2069 1104 1102 -1 2069 1102 2068 -1 2070 1106 1104 -1 2070 1104 2069 -1 2071 1108 1106 -1 2071 1106 2070 -1 2073 1084 1108 -1 2073 1108 2071 -1 2073 1933 1084 -1 2074 2067 2072 -1 2074 2068 2067 -1 2075 2068 2074 -1 2075 2069 2068 -1 2076 2070 2069 -1 2076 2069 2075 -1 2077 2070 2076 -1 2077 2071 2070 -1 2079 1934 1933 -1 2079 2073 2071 -1 2079 1933 2073 -1 2079 2071 2077 -1 2080 2072 2078 -1 2080 2074 2072 -1 2081 2074 2080 -1 2081 2075 2074 -1 2082 2075 2081 -1 2082 2076 2075 -1 2083 2076 2082 -1 2083 2077 2076 -1 2085 2077 2083 -1 2085 1931 1934 -1 2085 1934 2079 -1 2085 2079 2077 -1 2086 2078 2084 -1 2086 2080 2078 -1 2087 2080 2086 -1 2087 2081 2080 -1 2088 2082 2081 -1 2088 2081 2087 -1 2089 2083 2082 -1 2089 2082 2088 -1 2091 2085 2083 -1 2091 2083 2089 -1 2091 1935 1931 -1 2091 1931 2085 -1 2093 2086 2092 -1 2093 2087 2086 -1 2094 2087 2093 -1 2094 2088 2087 -1 2095 2089 2088 -1 2095 2088 2094 -1 2097 2091 2089 -1 2097 1936 1935 -1 2097 1935 2091 -1 2097 2089 2095 -1 2099 2093 2092 -1 2099 2092 2098 -1 2100 2095 2094 -1 2100 2094 2093 -1 2100 2093 2099 -1 2101 2095 2100 -1 2103 1937 1936 -1 2103 1936 2097 -1 2103 2097 2095 -1 2103 2095 2101 -1 2105 2099 2098 -1 2105 2098 2104 -1 2105 2100 2099 -1 2106 2100 2105 -1 2107 2101 2100 -1 2107 2100 2106 -1 2109 1938 1937 -1 2109 1939 1938 -1 2109 1937 2103 -1 2109 2103 2101 -1 2109 2101 2107 -1 2111 2105 2104 -1 2111 2104 2110 -1 2112 2105 2111 -1 2112 2106 2105 -1 2113 2107 2106 -1 2113 2109 2107 -1 2113 2106 2112 -1 2114 2115 2116 -1 2114 1069 2115 -1 2117 1939 2109 -1 2117 2109 2113 -1 2118 2116 2119 -1 2118 2114 2116 -1 2120 2118 2119 -1 2120 2110 2118 -1 2120 2119 2121 -1 2120 2111 2110 -1 2122 2111 2120 -1 2122 2121 2123 -1 2122 2120 2121 -1 2122 2112 2111 -1 2124 2113 2112 -1 2124 2112 2122 -1 2124 2122 2123 -1 2124 2123 2125 -1 2126 1939 2117 -1 2126 2117 2113 -1 2126 2113 2124 -1 2126 2125 1932 -1 2126 2124 2125 -1 2126 1932 1939 -1 1080 1086 1081 -1 1088 1090 1086 -1 1086 1092 1081 -1 1090 1092 1086 -1 1092 1094 1081 -1 1081 1100 2066 -1 1094 1100 1081 -1 1100 1065 2066 -1 1100 1932 1065 -1 1932 1069 1065 -1 1932 2125 1069 -1 1069 2116 2115 -1 2125 2123 1069 -1 1069 2123 2116 -1 2123 2119 2116 -1 2123 2121 2119 -1 2050 2043 2063 -1 1534 1530 2151 -1 2151 1530 2152 -1 2152 2153 2154 -1 2154 2153 2155 -1 1530 1532 2152 -1 2152 1532 2153 -1 1532 1535 2153 -1 2153 1535 2156 -1 2156 2151 2157 -1 2157 2151 2158 -1 1535 1534 2156 -1 2156 1534 2151 -1 2157 2154 2155 -1 2158 2154 2157 -1 2151 2152 2154 -1 2151 2154 2158 -1 2153 2156 2157 -1 2153 2157 2155 -1 2455 2456 2457 -1 2458 2459 2460 -1 2458 2460 2461 -1 2458 2461 2462 -1 2458 2462 2463 -1 2458 2463 2456 -1 2464 2455 2465 -1 2466 2467 2458 -1 2466 2456 2455 -1 2466 2458 2456 -1 2466 2455 2464 -1 616 633 632 -1 2468 2469 2470 -1 2471 2472 633 -1 2471 616 615 -1 2471 615 2473 -1 2471 2473 2474 -1 2471 2470 2475 -1 2471 2475 2476 -1 2471 2476 2472 -1 2471 633 616 -1 2471 2468 2470 -1 2479 2480 2478 -1 2482 2483 2480 -1 2482 2480 2479 -1 2485 2486 2483 -1 2485 2483 2482 -1 2487 2479 2484 -1 2487 2482 2479 -1 2488 2489 2486 -1 2488 2490 2489 -1 2488 2486 2485 -1 2491 2485 2482 -1 2491 2482 2487 -1 2493 2467 2490 -1 2493 2458 2467 -1 2493 2490 2488 -1 2494 2488 2485 -1 2494 2485 2491 -1 2495 2484 2481 -1 2497 2488 2494 -1 2497 2458 2493 -1 2497 2493 2488 -1 2498 2484 2495 -1 2498 2487 2484 -1 2500 2487 2498 -1 2500 2491 2487 -1 2501 2495 2499 -1 2501 2498 2495 -1 2502 2494 2491 -1 2502 2491 2500 -1 2504 2498 2501 -1 2504 2500 2498 -1 2505 2494 2502 -1 2505 2459 2458 -1 2505 2497 2494 -1 2505 2458 2497 -1 2506 2496 2503 -1 2506 2499 2496 -1 2507 2502 2500 -1 2507 2500 2504 -1 2510 2501 2499 -1 2510 2499 2506 -1 2511 2505 2502 -1 2511 2502 2507 -1 2511 2459 2505 -1 2512 2506 2503 -1 2512 2503 2508 -1 2513 2504 2501 -1 2513 2501 2510 -1 2514 2510 2506 -1 2514 2506 2512 -1 2515 2504 2513 -1 2515 2507 2504 -1 2516 2513 2510 -1 2516 2510 2514 -1 2518 2460 2459 -1 2518 2459 2511 -1 2518 2511 2507 -1 2518 2507 2515 -1 2519 2508 2517 -1 2519 2512 2508 -1 2520 2513 2516 -1 2520 2515 2513 -1 2523 2514 2512 -1 2523 2512 2519 -1 2524 2460 2518 -1 2524 2518 2515 -1 2524 2515 2520 -1 2525 2519 2517 -1 2526 2516 2514 -1 2526 2514 2523 -1 2527 2523 2519 -1 2527 2519 2525 -1 2528 2520 2516 -1 2528 2516 2526 -1 2529 2528 2526 -1 2529 2526 2523 -1 2529 2523 2527 -1 2531 2461 2460 -1 2531 2460 2524 -1 2531 2520 2528 -1 2531 2524 2520 -1 2532 2528 2529 -1 2532 2531 2528 -1 2536 2461 2531 -1 2536 2531 2532 -1 2537 2525 2533 -1 2537 2527 2525 -1 2539 2529 2527 -1 2539 2527 2537 -1 2540 2537 2533 -1 2540 2533 2538 -1 2541 2532 2529 -1 2541 2529 2539 -1 2542 2539 2537 -1 2542 2537 2540 -1 2542 2541 2539 -1 2544 2536 2532 -1 2544 2462 2461 -1 2544 2532 2541 -1 2544 2461 2536 -1 2545 2541 2542 -1 2547 2544 2541 -1 2547 2541 2545 -1 2547 2462 2544 -1 2548 2540 2538 -1 2548 2538 2546 -1 2549 2542 2540 -1 2549 2540 2548 -1 2550 2542 2549 -1 2550 2545 2542 -1 2553 2463 2462 -1 2553 2462 2547 -1 2553 2547 2545 -1 2553 2550 2463 -1 2553 2545 2550 -1 2555 2548 2546 -1 2555 2546 2554 -1 2556 2548 2555 -1 2556 2549 2548 -1 2557 2463 2550 -1 2557 2550 2549 -1 2557 2549 2556 -1 2560 2456 2463 -1 2560 2557 2456 -1 2560 2463 2557 -1 2562 2555 2554 -1 2562 2554 2561 -1 2563 2556 2555 -1 2563 2557 2556 -1 2563 2555 2562 -1 2564 2456 2557 -1 2564 2557 2563 -1 2567 2457 2456 -1 2567 2456 2564 -1 2568 2561 2558 -1 2568 2558 2565 -1 2569 2561 2568 -1 2569 2562 2561 -1 2570 2562 2569 -1 2570 2563 2562 -1 2571 2564 2563 -1 2571 2563 2570 -1 2574 2567 2564 -1 2574 2564 2571 -1 2574 2455 2457 -1 2574 2457 2567 -1 2575 2568 2565 -1 2576 2569 2568 -1 2576 2568 2575 -1 2577 2571 2570 -1 2577 2569 2576 -1 2577 2570 2569 -1 2578 2571 2577 -1 2581 2455 2574 -1 2581 2571 2578 -1 2581 2465 2455 -1 2581 2574 2571 -1 2583 2575 2582 -1 2583 2576 2575 -1 2584 2577 2576 -1 2584 2576 2583 -1 2585 2578 2577 -1 2585 2577 2584 -1 2586 2588 2589 -1 2586 2587 2588 -1 2590 2581 2578 -1 2590 2464 2465 -1 2590 2465 2581 -1 2590 2578 2585 -1 2591 2589 2592 -1 2591 2586 2589 -1 2593 2592 2594 -1 2593 2591 2592 -1 2593 2583 2582 -1 2593 2582 2591 -1 2595 2594 2596 -1 2595 2584 2583 -1 2595 2593 2594 -1 2595 2583 2593 -1 2597 2596 2598 -1 2597 2595 2596 -1 2597 2590 2585 -1 2597 2585 2584 -1 2597 2584 2595 -1 2599 2598 2466 -1 2599 2466 2464 -1 2599 2597 2598 -1 2599 2464 2590 -1 2599 2590 2597 -1 2589 2588 2587 -1 2596 2594 2592 -1 2596 2592 2589 -1 2596 2589 2587 -1 2598 2596 2587 -1 2466 2587 2600 -1 2466 2598 2587 -1 604 2466 2600 -1 2467 2466 604 -1 608 2467 604 -1 2490 2467 608 -1 2489 2490 608 -1 2480 608 2478 -1 2480 2489 608 -1 2486 2489 2480 -1 2483 2486 2480 -1 600 603 604 -1 2601 2600 2602 -1 2601 604 2600 -1 2603 598 600 -1 2603 600 604 -1 2603 604 2601 -1 2473 615 617 -1 2605 635 630 -1 2605 630 2604 -1 2606 637 635 -1 2606 635 2605 -1 2607 639 637 -1 2607 637 2606 -1 2608 641 639 -1 2608 639 2607 -1 2610 617 641 -1 2610 641 2608 -1 2610 2473 617 -1 2611 2605 2604 -1 2612 2605 2611 -1 2612 2606 2605 -1 2613 2607 2606 -1 2613 2606 2612 -1 2614 2607 2613 -1 2614 2608 2607 -1 2616 2474 2473 -1 2616 2610 2608 -1 2616 2473 2610 -1 2616 2608 2614 -1 2618 2611 2617 -1 2618 2612 2611 -1 2619 2612 2618 -1 2619 2613 2612 -1 2620 2613 2619 -1 2620 2614 2613 -1 2622 2614 2620 -1 2622 2471 2474 -1 2622 2474 2616 -1 2622 2616 2614 -1 2624 2617 2623 -1 2624 2618 2617 -1 2625 2619 2618 -1 2625 2618 2624 -1 2626 2620 2619 -1 2626 2619 2625 -1 2628 2622 2620 -1 2628 2620 2626 -1 2628 2468 2471 -1 2628 2471 2622 -1 2630 2623 2629 -1 2630 2624 2623 -1 2631 2624 2630 -1 2631 2625 2624 -1 2632 2626 2625 -1 2632 2625 2631 -1 2634 2628 2626 -1 2634 2469 2468 -1 2634 2470 2469 -1 2634 2468 2628 -1 2634 2626 2632 -1 2636 2630 2629 -1 2636 2629 2635 -1 2637 2631 2630 -1 2637 2630 2636 -1 2638 2632 2631 -1 2638 2631 2637 -1 2640 2470 2634 -1 2640 2634 2632 -1 2640 2632 2638 -1 2642 2636 2635 -1 2642 2635 2641 -1 2643 2637 2636 -1 2643 2636 2642 -1 2644 2638 2637 -1 2644 2640 2638 -1 2644 2637 2643 -1 2646 2475 2470 -1 2646 2470 2640 -1 2646 2640 2644 -1 2648 2642 2641 -1 2648 2641 2647 -1 2649 2643 2642 -1 2649 2642 2648 -1 2650 2644 2643 -1 2650 2643 2649 -1 2651 2652 2653 -1 2651 602 2652 -1 2654 2476 2475 -1 2654 2472 2476 -1 2654 2475 2646 -1 2654 2646 2644 -1 2654 2644 2650 -1 2655 2653 2656 -1 2655 2651 2653 -1 2657 2655 2656 -1 2657 2647 2655 -1 2657 2656 2658 -1 2657 2648 2647 -1 2659 2648 2657 -1 2659 2658 2660 -1 2659 2657 2658 -1 2659 2649 2648 -1 2661 2654 2650 -1 2661 2649 2659 -1 2661 2660 2662 -1 2661 2659 2660 -1 2661 2650 2649 -1 2663 2472 2654 -1 2663 2654 2661 -1 2663 2662 2472 -1 2663 2661 2662 -1 613 619 614 -1 621 623 619 -1 619 625 614 -1 623 625 619 -1 625 627 614 -1 614 633 2603 -1 627 633 614 -1 633 598 2603 -1 633 2472 598 -1 2472 602 598 -1 2472 2662 602 -1 602 2653 2652 -1 2662 2660 602 -1 602 2660 2653 -1 2660 2656 2653 -1 2660 2658 2656 -1 1539 1538 2688 -1 2688 1538 2689 -1 2689 2690 2691 -1 2691 2690 2692 -1 1538 1536 2689 -1 2689 1536 2690 -1 1536 1537 2690 -1 2690 1537 2693 -1 2693 2688 2694 -1 2694 2688 2695 -1 1537 1539 2693 -1 2693 1539 2688 -1 2694 2691 2692 -1 2695 2691 2694 -1 2688 2689 2691 -1 2688 2691 2695 -1 2690 2693 2694 -1 2690 2694 2692 -1 "
						                >
							<Coordinate USE="coords_ME_Unnamed-Solid" />
						</IndexedFaceSet>
					</Shape>
				</Group>
			</Transform>
		</Transform>
	</Scene>
</X3D>
